<?xml version="1.0" encoding='UTF-8' standalone='no' ?>
<!DOCTYPE score-partwise PUBLIC "-//Recordare//DTD MusicXML 3.0 Partwise//EN" "http://www.musicxml.org/dtds/partwise.dtd">
<score-partwise version="3.0">
 <work>
  <work-title />
 </work>
 <identification>
  <rights>Copyright © </rights>
  <encoding>
   <encoding-date>2022-05-13</encoding-date>
   <encoder>esiny</encoder>
   <software>Sibelius 19.1.0</software>
   <software>Direct export, not from Dolet</software>
   <encoding-description>Sibelius / MusicXML 3.0</encoding-description>
   <supports element="print" type="yes" value="yes" attribute="new-system" />
   <supports element="print" type="yes" value="yes" attribute="new-page" />
   <supports element="accidental" type="yes" />
   <supports element="beam" type="yes" />
   <supports element="stem" type="yes" />
  </encoding>
 </identification>
 <defaults>
  <scaling>
   <millimeters>210</millimeters>
   <tenths>1200</tenths>
  </scaling>
  <page-layout>
   <page-height>1697</page-height>
   <page-width>1200</page-width>
   <page-margins type="both">
    <left-margin>72</left-margin>
    <right-margin>72</right-margin>
    <top-margin>72</top-margin>
    <bottom-margin>72</bottom-margin>
   </page-margins>
  </page-layout>
  <system-layout>
   <system-margins>
    <left-margin>22</left-margin>
    <right-margin>0</right-margin>
   </system-margins>
   <system-distance>92</system-distance>
  </system-layout>
  <appearance>
   <line-width type="stem">0.9375</line-width>
   <line-width type="beam">5</line-width>
   <line-width type="staff">0.9375</line-width>
   <line-width type="light barline">1.5625</line-width>
   <line-width type="heavy barline">5</line-width>
   <line-width type="leger">1.5625</line-width>
   <line-width type="ending">1.5625</line-width>
   <line-width type="wedge">1.25</line-width>
   <line-width type="enclosure">0.9375</line-width>
   <line-width type="tuplet bracket">1.25</line-width>
   <line-width type="bracket">5</line-width>
   <line-width type="dashes">1.5625</line-width>
   <line-width type="extend">0.9375</line-width>
   <line-width type="octave shift">1.5625</line-width>
   <line-width type="pedal">1.5625</line-width>
   <line-width type="slur middle">1.5625</line-width>
   <line-width type="slur tip">0.625</line-width>
   <line-width type="tie middle">1.5625</line-width>
   <line-width type="tie tip">0.625</line-width>
   <note-size type="cue">75</note-size>
   <note-size type="grace">60</note-size>
  </appearance>
  <music-font font-family="Opus Std" font-size="19.8425" />
  <lyric-font font-family="Times New Roman" font-size="11.4715" />
  <lyric-language xml:lang="en" />
 </defaults>
 <part-list>
  <score-part id="P1">
   <part-name> </part-name>
   <part-name-display>
    <display-text> </display-text>
   </part-name-display>
   <part-abbreviation> </part-abbreviation>
   <part-abbreviation-display>
    <display-text> </display-text>
   </part-abbreviation-display>
   <score-instrument id="P1-I1">
    <instrument-name> </instrument-name>
    <virtual-instrument>
     <virtual-library>General MIDI</virtual-library>
     <virtual-name>Bright Piano</virtual-name>
    </virtual-instrument>
   </score-instrument>
  </score-part>
 </part-list>
 <part id="P1">
  <!--============== Part: P1, Measure: 1 ==============-->
  <measure number="1" width="218">
   <print new-page="yes">
    <system-layout>
     <system-margins>
      <left-margin>22</left-margin>
      <right-margin>0</right-margin>
     </system-margins>
     <top-system-distance>240</top-system-distance>
    </system-layout>
   </print>
   <attributes>
    <divisions>256</divisions>
    <key color="#000000">
     <fifths>0</fifths>
     <mode>major</mode>
    </key>
    <time color="#000000">
     <beats>4</beats>
     <beat-type>4</beat-type>
    </time>
    <staves>1</staves>
    <clef number="1" color="#000000">
     <sign>G</sign>
     <line>2</line>
    </clef>
    <staff-details number="1" print-object="yes" />
   </attributes>
   <barline location="left">
    <bar-style>heavy-light</bar-style>
    <repeat direction="forward" />
   </barline>
   <direction>
    <direction-type>
     <words default-x="69" default-y="20" justify="left" valign="middle" font-family="Times New Roman" font-style="italic" font-size="11.9365" font-weight="normal">Play with p (thumb)</words>
    </direction-type>
    <voice>1</voice>
    <staff>1</staff>
   </direction>
   <note color="#000000" default-x="75">
    <pitch>
     <step>E</step>
     <octave>3</octave>
    </pitch>
    <duration>1024</duration>
    <instrument id="P1-I1" />
    <voice>1</voice>
    <type>whole</type>
    <staff>1</staff>
    <lyric default-y="-101" number="part1verse1" color="#000000">
     <syllabic>single</syllabic>
     <text>6th</text>
    </lyric>
   </note>
  </measure>
  <!--============== Part: P1, Measure: 2 ==============-->
  <measure number="2" width="158">
   <note color="#000000" default-x="15">
    <pitch>
     <step>A</step>
     <octave>3</octave>
    </pitch>
    <duration>1024</duration>
    <instrument id="P1-I1" />
    <voice>1</voice>
    <type>whole</type>
    <staff>1</staff>
    <lyric default-y="-101" number="part1verse1" color="#000000">
     <syllabic>single</syllabic>
     <text>5th</text>
    </lyric>
   </note>
  </measure>
  <!--============== Part: P1, Measure: 3 ==============-->
  <measure number="3" width="158">
   <note color="#000000" default-x="15">
    <pitch>
     <step>D</step>
     <octave>4</octave>
    </pitch>
    <duration>1024</duration>
    <instrument id="P1-I1" />
    <voice>1</voice>
    <type>whole</type>
    <staff>1</staff>
    <lyric default-y="-101" number="part1verse1" color="#000000">
     <syllabic>single</syllabic>
     <text>4th</text>
    </lyric>
   </note>
  </measure>
  <!--============== Part: P1, Measure: 4 ==============-->
  <measure number="4" width="158">
   <note color="#000000" default-x="15">
    <pitch>
     <step>G</step>
     <octave>4</octave>
    </pitch>
    <duration>1024</duration>
    <instrument id="P1-I1" />
    <voice>1</voice>
    <type>whole</type>
    <staff>1</staff>
    <lyric default-y="-101" number="part1verse1" color="#000000">
     <syllabic>single</syllabic>
     <text>3rd</text>
    </lyric>
   </note>
  </measure>
  <!--============== Part: P1, Measure: 5 ==============-->
  <measure number="5" width="158">
   <note color="#000000" default-x="15">
    <pitch>
     <step>B</step>
     <octave>4</octave>
    </pitch>
    <duration>1024</duration>
    <instrument id="P1-I1" />
    <voice>1</voice>
    <type>whole</type>
    <staff>1</staff>
    <lyric default-y="-101" number="part1verse1" color="#000000">
     <syllabic>single</syllabic>
     <text>2nd</text>
    </lyric>
   </note>
  </measure>
  <!--============== Part: P1, Measure: 6 ==============-->
  <measure number="6" width="180">
   <note color="#000000" default-x="15">
    <pitch>
     <step>E</step>
     <octave>5</octave>
    </pitch>
    <duration>1024</duration>
    <instrument id="P1-I1" />
    <voice>1</voice>
    <type>whole</type>
    <staff>1</staff>
    <lyric default-y="-101" number="part1verse1" color="#000000">
     <syllabic>single</syllabic>
     <text>1st</text>
    </lyric>
   </note>
   <barline location="right">
    <bar-style>light-heavy</bar-style>
    <repeat direction="backward" />
   </barline>
  </measure>
  <!--============== Part: P1, Measure: 7 ==============-->
  <measure number="7" width="218">
   <print new-system="yes">
    <system-layout>
     <system-margins>
      <left-margin>22</left-margin>
      <right-margin>0</right-margin>
     </system-margins>
     <system-distance>200</system-distance>
    </system-layout>
   </print>
   <attributes>
    <staff-details number="1" print-object="yes" />
   </attributes>
   <barline location="left">
    <bar-style>heavy-light</bar-style>
    <repeat direction="forward" />
   </barline>
   <note color="#000000" default-x="75">
    <pitch>
     <step>E</step>
     <octave>5</octave>
    </pitch>
    <duration>1024</duration>
    <instrument id="P1-I1" />
    <voice>1</voice>
    <type>whole</type>
    <staff>1</staff>
    <lyric default-y="-101" number="part1verse1" color="#000000">
     <syllabic>single</syllabic>
     <text>1st</text>
    </lyric>
   </note>
  </measure>
  <!--============== Part: P1, Measure: 8 ==============-->
  <measure number="8" width="158">
   <note color="#000000" default-x="15">
    <pitch>
     <step>B</step>
     <octave>4</octave>
    </pitch>
    <duration>1024</duration>
    <instrument id="P1-I1" />
    <voice>1</voice>
    <type>whole</type>
    <staff>1</staff>
    <lyric default-y="-101" number="part1verse1" color="#000000">
     <syllabic>single</syllabic>
     <text>2nd</text>
    </lyric>
   </note>
  </measure>
  <!--============== Part: P1, Measure: 9 ==============-->
  <measure number="9" width="158">
   <note color="#000000" default-x="15">
    <pitch>
     <step>G</step>
     <octave>4</octave>
    </pitch>
    <duration>1024</duration>
    <instrument id="P1-I1" />
    <voice>1</voice>
    <type>whole</type>
    <staff>1</staff>
    <lyric default-y="-101" number="part1verse1" color="#000000">
     <syllabic>single</syllabic>
     <text>3rd</text>
    </lyric>
   </note>
  </measure>
  <!--============== Part: P1, Measure: 10 ==============-->
  <measure number="10" width="158">
   <note color="#000000" default-x="15">
    <pitch>
     <step>D</step>
     <octave>4</octave>
    </pitch>
    <duration>1024</duration>
    <instrument id="P1-I1" />
    <voice>1</voice>
    <type>whole</type>
    <staff>1</staff>
    <lyric default-y="-101" number="part1verse1" color="#000000">
     <syllabic>single</syllabic>
     <text>4th</text>
    </lyric>
   </note>
  </measure>
  <!--============== Part: P1, Measure: 11 ==============-->
  <measure number="11" width="158">
   <note color="#000000" default-x="15">
    <pitch>
     <step>A</step>
     <octave>3</octave>
    </pitch>
    <duration>1024</duration>
    <instrument id="P1-I1" />
    <voice>1</voice>
    <type>whole</type>
    <staff>1</staff>
    <lyric default-y="-101" number="part1verse1" color="#000000">
     <syllabic>single</syllabic>
     <text>5th</text>
    </lyric>
   </note>
  </measure>
  <!--============== Part: P1, Measure: 12 ==============-->
  <measure number="12" width="180">
   <note color="#000000" default-x="15">
    <pitch>
     <step>E</step>
     <octave>3</octave>
    </pitch>
    <duration>1024</duration>
    <instrument id="P1-I1" />
    <voice>1</voice>
    <type>whole</type>
    <staff>1</staff>
    <lyric default-y="-101" number="part1verse1" color="#000000">
     <syllabic>single</syllabic>
     <text>6th</text>
    </lyric>
   </note>
   <barline location="right">
    <bar-style>light-heavy</bar-style>
    <repeat direction="backward" />
   </barline>
  </measure>
  <!--============== Part: P1, Measure: 13 ==============-->
  <measure number="13" width="123">
   <print new-system="yes">
    <system-layout>
     <system-margins>
      <left-margin>22</left-margin>
      <right-margin>0</right-margin>
     </system-margins>
     <system-distance>200</system-distance>
    </system-layout>
   </print>
   <attributes>
    <staff-details number="1" print-object="yes" />
   </attributes>
   <note color="#000000" default-x="57">
    <pitch>
     <step>E</step>
     <octave>3</octave>
    </pitch>
    <duration>1024</duration>
    <instrument id="P1-I1" />
    <voice>1</voice>
    <type>whole</type>
    <staff>1</staff>
    <lyric default-y="-101" number="part1verse1" color="#000000">
     <syllabic>single</syllabic>
     <text>6th</text>
    </lyric>
   </note>
  </measure>
  <!--============== Part: P1, Measure: 14 ==============-->
  <measure number="14" width="80">
   <note color="#000000" default-x="15">
    <pitch>
     <step>A</step>
     <octave>3</octave>
    </pitch>
    <duration>1024</duration>
    <instrument id="P1-I1" />
    <voice>1</voice>
    <type>whole</type>
    <staff>1</staff>
    <lyric default-y="-101" number="part1verse1" color="#000000">
     <syllabic>single</syllabic>
     <text>5th</text>
    </lyric>
   </note>
  </measure>
  <!--============== Part: P1, Measure: 15 ==============-->
  <measure number="15" width="80">
   <note color="#000000" default-x="15">
    <pitch>
     <step>D</step>
     <octave>4</octave>
    </pitch>
    <duration>1024</duration>
    <instrument id="P1-I1" />
    <voice>1</voice>
    <type>whole</type>
    <staff>1</staff>
    <lyric default-y="-101" number="part1verse1" color="#000000">
     <syllabic>single</syllabic>
     <text>4th</text>
    </lyric>
   </note>
  </measure>
  <!--============== Part: P1, Measure: 16 ==============-->
  <measure number="16" width="80">
   <note color="#000000" default-x="15">
    <pitch>
     <step>G</step>
     <octave>4</octave>
    </pitch>
    <duration>1024</duration>
    <instrument id="P1-I1" />
    <voice>1</voice>
    <type>whole</type>
    <staff>1</staff>
    <lyric default-y="-101" number="part1verse1" color="#000000">
     <syllabic>single</syllabic>
     <text>3rd</text>
    </lyric>
   </note>
  </measure>
  <!--============== Part: P1, Measure: 17 ==============-->
  <measure number="17" width="80">
   <note color="#000000" default-x="15">
    <pitch>
     <step>B</step>
     <octave>4</octave>
    </pitch>
    <duration>1024</duration>
    <instrument id="P1-I1" />
    <voice>1</voice>
    <type>whole</type>
    <staff>1</staff>
    <lyric default-y="-101" number="part1verse1" color="#000000">
     <syllabic>single</syllabic>
     <text>2nd</text>
    </lyric>
   </note>
  </measure>
  <!--============== Part: P1, Measure: 18 ==============-->
  <measure number="18" width="91">
   <note color="#000000" default-x="15">
    <pitch>
     <step>E</step>
     <octave>5</octave>
    </pitch>
    <duration>1024</duration>
    <instrument id="P1-I1" />
    <voice>1</voice>
    <type>whole</type>
    <staff>1</staff>
    <lyric default-y="-101" number="part1verse1" color="#000000">
     <syllabic>single</syllabic>
     <text>1st</text>
    </lyric>
   </note>
   <barline>
    <bar-style>light-light</bar-style>
   </barline>
  </measure>
  <!--============== Part: P1, Measure: 19 ==============-->
  <measure number="19" width="79">
   <note color="#000000" default-x="15">
    <pitch>
     <step>E</step>
     <octave>5</octave>
    </pitch>
    <duration>1024</duration>
    <instrument id="P1-I1" />
    <voice>1</voice>
    <type>whole</type>
    <staff>1</staff>
    <lyric default-y="-101" number="part1verse1" color="#000000">
     <syllabic>single</syllabic>
     <text>1st</text>
    </lyric>
   </note>
  </measure>
  <!--============== Part: P1, Measure: 20 ==============-->
  <measure number="20" width="80">
   <note color="#000000" default-x="15">
    <pitch>
     <step>B</step>
     <octave>4</octave>
    </pitch>
    <duration>1024</duration>
    <instrument id="P1-I1" />
    <voice>1</voice>
    <type>whole</type>
    <staff>1</staff>
    <lyric default-y="-101" number="part1verse1" color="#000000">
     <syllabic>single</syllabic>
     <text>2nd</text>
    </lyric>
   </note>
  </measure>
  <!--============== Part: P1, Measure: 21 ==============-->
  <measure number="21" width="80">
   <note color="#000000" default-x="15">
    <pitch>
     <step>G</step>
     <octave>4</octave>
    </pitch>
    <duration>1024</duration>
    <instrument id="P1-I1" />
    <voice>1</voice>
    <type>whole</type>
    <staff>1</staff>
    <lyric default-y="-101" number="part1verse1" color="#000000">
     <syllabic>single</syllabic>
     <text>3rd</text>
    </lyric>
   </note>
  </measure>
  <!--============== Part: P1, Measure: 22 ==============-->
  <measure number="22" width="80">
   <note color="#000000" default-x="15">
    <pitch>
     <step>D</step>
     <octave>4</octave>
    </pitch>
    <duration>1024</duration>
    <instrument id="P1-I1" />
    <voice>1</voice>
    <type>whole</type>
    <staff>1</staff>
    <lyric default-y="-101" number="part1verse1" color="#000000">
     <syllabic>single</syllabic>
     <text>4th</text>
    </lyric>
   </note>
  </measure>
  <!--============== Part: P1, Measure: 23 ==============-->
  <measure number="23" width="80">
   <note color="#000000" default-x="15">
    <pitch>
     <step>A</step>
     <octave>3</octave>
    </pitch>
    <duration>1024</duration>
    <instrument id="P1-I1" />
    <voice>1</voice>
    <type>whole</type>
    <staff>1</staff>
    <lyric default-y="-101" number="part1verse1" color="#000000">
     <syllabic>single</syllabic>
     <text>5th</text>
    </lyric>
   </note>
  </measure>
  <!--============== Part: P1, Measure: 24 ==============-->
  <measure number="24" width="96">
   <note color="#000000" default-x="15">
    <pitch>
     <step>E</step>
     <octave>3</octave>
    </pitch>
    <duration>1024</duration>
    <instrument id="P1-I1" />
    <voice>1</voice>
    <type>whole</type>
    <staff>1</staff>
    <lyric default-y="-101" number="part1verse1" color="#000000">
     <syllabic>single</syllabic>
     <text>6th</text>
    </lyric>
   </note>
   <barline>
    <bar-style>light-heavy</bar-style>
   </barline>
  </measure>
  <!--============== Part: P1, Measure: 25 ==============-->
  <measure number="25" width="218">
   <print new-system="yes">
    <system-layout>
     <system-margins>
      <left-margin>22</left-margin>
      <right-margin>0</right-margin>
     </system-margins>
     <system-distance>200</system-distance>
    </system-layout>
   </print>
   <attributes>
    <staff-details number="1" print-object="yes" />
   </attributes>
   <barline location="left">
    <bar-style>heavy-light</bar-style>
    <repeat direction="forward" />
   </barline>
   <note color="#000000" default-x="75">
    <pitch>
     <step>E</step>
     <octave>3</octave>
    </pitch>
    <duration>1024</duration>
    <instrument id="P1-I1" />
    <voice>1</voice>
    <type>whole</type>
    <staff>1</staff>
    <lyric default-y="-100" number="part1verse1" color="#000000">
     <syllabic>single</syllabic>
     <text>E</text>
    </lyric>
   </note>
  </measure>
  <!--============== Part: P1, Measure: 26 ==============-->
  <measure number="26" width="158">
   <note color="#000000" default-x="15">
    <pitch>
     <step>A</step>
     <octave>3</octave>
    </pitch>
    <duration>1024</duration>
    <instrument id="P1-I1" />
    <voice>1</voice>
    <type>whole</type>
    <staff>1</staff>
    <lyric default-y="-100" number="part1verse1" color="#000000">
     <syllabic>single</syllabic>
     <text>A</text>
    </lyric>
   </note>
  </measure>
  <!--============== Part: P1, Measure: 27 ==============-->
  <measure number="27" width="158">
   <note color="#000000" default-x="15">
    <pitch>
     <step>D</step>
     <octave>4</octave>
    </pitch>
    <duration>1024</duration>
    <instrument id="P1-I1" />
    <voice>1</voice>
    <type>whole</type>
    <staff>1</staff>
    <lyric default-y="-100" number="part1verse1" color="#000000">
     <syllabic>single</syllabic>
     <text>D</text>
    </lyric>
   </note>
  </measure>
  <!--============== Part: P1, Measure: 28 ==============-->
  <measure number="28" width="158">
   <note color="#000000" default-x="15">
    <pitch>
     <step>G</step>
     <octave>4</octave>
    </pitch>
    <duration>1024</duration>
    <instrument id="P1-I1" />
    <voice>1</voice>
    <type>whole</type>
    <staff>1</staff>
    <lyric default-y="-100" number="part1verse1" color="#000000">
     <syllabic>single</syllabic>
     <text>g</text>
    </lyric>
   </note>
  </measure>
  <!--============== Part: P1, Measure: 29 ==============-->
  <measure number="29" width="158">
   <note color="#000000" default-x="15">
    <pitch>
     <step>B</step>
     <octave>4</octave>
    </pitch>
    <duration>1024</duration>
    <instrument id="P1-I1" />
    <voice>1</voice>
    <type>whole</type>
    <staff>1</staff>
    <lyric default-y="-100" number="part1verse1" color="#000000">
     <syllabic>single</syllabic>
     <text>b</text>
    </lyric>
   </note>
  </measure>
  <!--============== Part: P1, Measure: 30 ==============-->
  <measure number="30" width="180">
   <note color="#000000" default-x="15">
    <pitch>
     <step>E</step>
     <octave>5</octave>
    </pitch>
    <duration>1024</duration>
    <instrument id="P1-I1" />
    <voice>1</voice>
    <type>whole</type>
    <staff>1</staff>
    <lyric default-y="-100" number="part1verse1" color="#000000">
     <syllabic>single</syllabic>
     <text>e</text>
    </lyric>
   </note>
   <barline location="right">
    <bar-style>light-heavy</bar-style>
    <repeat direction="backward" />
   </barline>
  </measure>
  <!--============== Part: P1, Measure: 31 ==============-->
  <measure number="31" width="218">
   <print new-system="yes">
    <system-layout>
     <system-margins>
      <left-margin>22</left-margin>
      <right-margin>0</right-margin>
     </system-margins>
     <system-distance>200</system-distance>
    </system-layout>
   </print>
   <attributes>
    <staff-details number="1" print-object="yes" />
   </attributes>
   <barline location="left">
    <bar-style>heavy-light</bar-style>
    <repeat direction="forward" />
   </barline>
   <note color="#000000" default-x="75">
    <pitch>
     <step>E</step>
     <octave>5</octave>
    </pitch>
    <duration>1024</duration>
    <instrument id="P1-I1" />
    <voice>1</voice>
    <type>whole</type>
    <staff>1</staff>
    <lyric default-y="-100" number="part1verse1" color="#000000">
     <syllabic>single</syllabic>
     <text>e</text>
    </lyric>
   </note>
  </measure>
  <!--============== Part: P1, Measure: 32 ==============-->
  <measure number="32" width="158">
   <note color="#000000" default-x="15">
    <pitch>
     <step>B</step>
     <octave>4</octave>
    </pitch>
    <duration>1024</duration>
    <instrument id="P1-I1" />
    <voice>1</voice>
    <type>whole</type>
    <staff>1</staff>
    <lyric default-y="-100" number="part1verse1" color="#000000">
     <syllabic>single</syllabic>
     <text>b</text>
    </lyric>
   </note>
  </measure>
  <!--============== Part: P1, Measure: 33 ==============-->
  <measure number="33" width="158">
   <note color="#000000" default-x="15">
    <pitch>
     <step>G</step>
     <octave>4</octave>
    </pitch>
    <duration>1024</duration>
    <instrument id="P1-I1" />
    <voice>1</voice>
    <type>whole</type>
    <staff>1</staff>
    <lyric default-y="-100" number="part1verse1" color="#000000">
     <syllabic>single</syllabic>
     <text>g</text>
    </lyric>
   </note>
  </measure>
  <!--============== Part: P1, Measure: 34 ==============-->
  <measure number="34" width="158">
   <note color="#000000" default-x="15">
    <pitch>
     <step>D</step>
     <octave>4</octave>
    </pitch>
    <duration>1024</duration>
    <instrument id="P1-I1" />
    <voice>1</voice>
    <type>whole</type>
    <staff>1</staff>
    <lyric default-y="-100" number="part1verse1" color="#000000">
     <syllabic>single</syllabic>
     <text>D</text>
    </lyric>
   </note>
  </measure>
  <!--============== Part: P1, Measure: 35 ==============-->
  <measure number="35" width="158">
   <note color="#000000" default-x="15">
    <pitch>
     <step>A</step>
     <octave>3</octave>
    </pitch>
    <duration>1024</duration>
    <instrument id="P1-I1" />
    <voice>1</voice>
    <type>whole</type>
    <staff>1</staff>
    <lyric default-y="-100" number="part1verse1" color="#000000">
     <syllabic>single</syllabic>
     <text>A</text>
    </lyric>
   </note>
  </measure>
  <!--============== Part: P1, Measure: 36 ==============-->
  <measure number="36" width="180">
   <note color="#000000" default-x="15">
    <pitch>
     <step>E</step>
     <octave>3</octave>
    </pitch>
    <duration>1024</duration>
    <instrument id="P1-I1" />
    <voice>1</voice>
    <type>whole</type>
    <staff>1</staff>
    <lyric default-y="-100" number="part1verse1" color="#000000">
     <syllabic>single</syllabic>
     <text>E</text>
    </lyric>
   </note>
   <barline location="right">
    <bar-style>light-heavy</bar-style>
    <repeat direction="backward" />
   </barline>
  </measure>
  <!--============== Part: P1, Measure: 37 ==============-->
  <measure number="37" width="139">
   <print new-system="yes">
    <system-layout>
     <system-margins>
      <left-margin>22</left-margin>
      <right-margin>0</right-margin>
     </system-margins>
     <system-distance>200</system-distance>
    </system-layout>
   </print>
   <attributes>
    <staff-details number="1" print-object="yes" />
   </attributes>
   <barline location="left">
    <bar-style>heavy-light</bar-style>
    <repeat direction="forward" />
   </barline>
   <note color="#000000" default-x="75">
    <pitch>
     <step>E</step>
     <octave>3</octave>
    </pitch>
    <duration>1024</duration>
    <instrument id="P1-I1" />
    <voice>1</voice>
    <type>whole</type>
    <staff>1</staff>
    <lyric default-y="-100" number="part1verse1" color="#000000">
     <syllabic>single</syllabic>
     <text>E</text>
    </lyric>
   </note>
  </measure>
  <!--============== Part: P1, Measure: 38 ==============-->
  <measure number="38" width="79">
   <note color="#000000" default-x="15">
    <pitch>
     <step>A</step>
     <octave>3</octave>
    </pitch>
    <duration>1024</duration>
    <instrument id="P1-I1" />
    <voice>1</voice>
    <type>whole</type>
    <staff>1</staff>
    <lyric default-y="-100" number="part1verse1" color="#000000">
     <syllabic>single</syllabic>
     <text>A</text>
    </lyric>
   </note>
  </measure>
  <!--============== Part: P1, Measure: 39 ==============-->
  <measure number="39" width="77">
   <note color="#000000" default-x="15">
    <pitch>
     <step>D</step>
     <octave>4</octave>
    </pitch>
    <duration>1024</duration>
    <instrument id="P1-I1" />
    <voice>1</voice>
    <type>whole</type>
    <staff>1</staff>
    <lyric default-y="-100" number="part1verse1" color="#000000">
     <syllabic>single</syllabic>
     <text>D</text>
    </lyric>
   </note>
  </measure>
  <!--============== Part: P1, Measure: 40 ==============-->
  <measure number="40" width="77">
   <note color="#000000" default-x="15">
    <pitch>
     <step>G</step>
     <octave>4</octave>
    </pitch>
    <duration>1024</duration>
    <instrument id="P1-I1" />
    <voice>1</voice>
    <type>whole</type>
    <staff>1</staff>
    <lyric default-y="-100" number="part1verse1" color="#000000">
     <syllabic>single</syllabic>
     <text>g</text>
    </lyric>
   </note>
  </measure>
  <!--============== Part: P1, Measure: 41 ==============-->
  <measure number="41" width="77">
   <note color="#000000" default-x="15">
    <pitch>
     <step>B</step>
     <octave>4</octave>
    </pitch>
    <duration>1024</duration>
    <instrument id="P1-I1" />
    <voice>1</voice>
    <type>whole</type>
    <staff>1</staff>
    <lyric default-y="-100" number="part1verse1" color="#000000">
     <syllabic>single</syllabic>
     <text>b</text>
    </lyric>
   </note>
  </measure>
  <!--============== Part: P1, Measure: 42 ==============-->
  <measure number="42" width="89">
   <note color="#000000" default-x="15">
    <pitch>
     <step>E</step>
     <octave>5</octave>
    </pitch>
    <duration>1024</duration>
    <instrument id="P1-I1" />
    <voice>1</voice>
    <type>whole</type>
    <staff>1</staff>
    <lyric default-y="-100" number="part1verse1" color="#000000">
     <syllabic>single</syllabic>
     <text>e</text>
    </lyric>
   </note>
   <barline>
    <bar-style>light-light</bar-style>
   </barline>
  </measure>
  <!--============== Part: P1, Measure: 43 ==============-->
  <measure number="43" width="77">
   <note color="#000000" default-x="15">
    <pitch>
     <step>E</step>
     <octave>5</octave>
    </pitch>
    <duration>1024</duration>
    <instrument id="P1-I1" />
    <voice>1</voice>
    <type>whole</type>
    <staff>1</staff>
    <lyric default-y="-100" number="part1verse1" color="#000000">
     <syllabic>single</syllabic>
     <text>e</text>
    </lyric>
   </note>
  </measure>
  <!--============== Part: P1, Measure: 44 ==============-->
  <measure number="44" width="77">
   <note color="#000000" default-x="15">
    <pitch>
     <step>B</step>
     <octave>4</octave>
    </pitch>
    <duration>1024</duration>
    <instrument id="P1-I1" />
    <voice>1</voice>
    <type>whole</type>
    <staff>1</staff>
    <lyric default-y="-100" number="part1verse1" color="#000000">
     <syllabic>single</syllabic>
     <text>b</text>
    </lyric>
   </note>
  </measure>
  <!--============== Part: P1, Measure: 45 ==============-->
  <measure number="45" width="77">
   <note color="#000000" default-x="15">
    <pitch>
     <step>G</step>
     <octave>4</octave>
    </pitch>
    <duration>1024</duration>
    <instrument id="P1-I1" />
    <voice>1</voice>
    <type>whole</type>
    <staff>1</staff>
    <lyric default-y="-100" number="part1verse1" color="#000000">
     <syllabic>single</syllabic>
     <text>g</text>
    </lyric>
   </note>
  </measure>
  <!--============== Part: P1, Measure: 46 ==============-->
  <measure number="46" width="77">
   <note color="#000000" default-x="15">
    <pitch>
     <step>D</step>
     <octave>4</octave>
    </pitch>
    <duration>1024</duration>
    <instrument id="P1-I1" />
    <voice>1</voice>
    <type>whole</type>
    <staff>1</staff>
    <lyric default-y="-100" number="part1verse1" color="#000000">
     <syllabic>single</syllabic>
     <text>D</text>
    </lyric>
   </note>
  </measure>
  <!--============== Part: P1, Measure: 47 ==============-->
  <measure number="47" width="79">
   <note color="#000000" default-x="15">
    <pitch>
     <step>A</step>
     <octave>3</octave>
    </pitch>
    <duration>1024</duration>
    <instrument id="P1-I1" />
    <voice>1</voice>
    <type>whole</type>
    <staff>1</staff>
    <lyric default-y="-100" number="part1verse1" color="#000000">
     <syllabic>single</syllabic>
     <text>A</text>
    </lyric>
   </note>
  </measure>
  <!--============== Part: P1, Measure: 48 ==============-->
  <measure number="48" width="102">
   <note color="#000000" default-x="15">
    <pitch>
     <step>E</step>
     <octave>3</octave>
    </pitch>
    <duration>1024</duration>
    <instrument id="P1-I1" />
    <voice>1</voice>
    <type>whole</type>
    <staff>1</staff>
    <lyric default-y="-100" number="part1verse1" color="#000000">
     <syllabic>single</syllabic>
     <text>E</text>
    </lyric>
   </note>
   <barline location="right">
    <bar-style>light-heavy</bar-style>
    <repeat direction="backward" />
   </barline>
  </measure>
 </part>
</score-partwise>
