<?xml version="1.0" encoding='UTF-8' standalone='no' ?>
<!DOCTYPE score-partwise PUBLIC "-//Recordare//DTD MusicXML 3.0 Partwise//EN" "http://www.musicxml.org/dtds/partwise.dtd">
<score-partwise version="3.0">
 <work>
  <work-title />
 </work>
 <identification>
  <rights>Direitos autorais © </rights>
  <encoding>
   <encoding-date>2021-04-07</encoding-date>
   <encoder>esiny</encoder>
   <software>Sibelius 19.1.0</software>
   <software>Direct export, not from Dolet</software>
   <encoding-description>Sibelius / MusicXML 3.0</encoding-description>
   <supports element="print" type="yes" value="yes" attribute="new-system" />
   <supports element="print" type="yes" value="yes" attribute="new-page" />
   <supports element="accidental" type="yes" />
   <supports element="beam" type="yes" />
   <supports element="stem" type="yes" />
  </encoding>
 </identification>
 <defaults>
  <scaling>
   <millimeters>210</millimeters>
   <tenths>1200</tenths>
  </scaling>
  <page-layout>
   <page-height>1697</page-height>
   <page-width>1200</page-width>
   <page-margins type="both">
    <left-margin>72</left-margin>
    <right-margin>72</right-margin>
    <top-margin>72</top-margin>
    <bottom-margin>72</bottom-margin>
   </page-margins>
  </page-layout>
  <system-layout>
   <system-margins>
    <left-margin>21</left-margin>
    <right-margin>0</right-margin>
   </system-margins>
   <system-distance>92</system-distance>
  </system-layout>
  <appearance>
   <line-width type="stem">0.9375</line-width>
   <line-width type="beam">5</line-width>
   <line-width type="staff">0.9375</line-width>
   <line-width type="light barline">1.5625</line-width>
   <line-width type="heavy barline">5</line-width>
   <line-width type="leger">1.5625</line-width>
   <line-width type="ending">1.5625</line-width>
   <line-width type="wedge">1.25</line-width>
   <line-width type="enclosure">0.9375</line-width>
   <line-width type="tuplet bracket">1.25</line-width>
   <line-width type="bracket">5</line-width>
   <line-width type="dashes">1.5625</line-width>
   <line-width type="extend">0.9375</line-width>
   <line-width type="octave shift">1.5625</line-width>
   <line-width type="pedal">1.5625</line-width>
   <line-width type="slur middle">1.5625</line-width>
   <line-width type="slur tip">0.625</line-width>
   <line-width type="tie middle">1.5625</line-width>
   <line-width type="tie tip">0.625</line-width>
   <note-size type="cue">75</note-size>
   <note-size type="grace">60</note-size>
  </appearance>
  <music-font font-family="Opus Std" font-size="19.8425" />
  <lyric-font font-family="Times New Roman" font-size="11.4715" />
  <lyric-language xml:lang="en" />
 </defaults>
 <part-list>
  <score-part id="P1">
   <part-name>P1</part-name>
   <score-instrument id="P1-I1">
    <instrument-name>Violin</instrument-name>
    <instrument-sound>strings.violin</instrument-sound>
    <solo />
   </score-instrument>
  </score-part>
 </part-list>
 <part id="P1">
  <!--============== Part: P1, Measure: 1 ==============-->
  <measure number="1" width="285">
   <print new-page="yes">
    <system-layout>
     <system-margins>
      <left-margin>22</left-margin>
      <right-margin>0</right-margin>
     </system-margins>
     <top-system-distance>218</top-system-distance>
    </system-layout>
   </print>
   <attributes>
    <divisions>256</divisions>
    <key color="#000000">
     <fifths>0</fifths>
     <mode>major</mode>
    </key>
    <time color="#000000">
     <beats>4</beats>
     <beat-type>4</beat-type>
    </time>
    <staves>1</staves>
    <clef number="1" color="#000000">
     <sign>G</sign>
     <line>2</line>
    </clef>
    <staff-details number="1" print-object="yes" />
   </attributes>
   <direction>
    <direction-type>
     <words default-x="70" default-y="20" justify="left" valign="middle" font-family="Times New Roman" font-style="normal" font-size="11.9365" font-weight="bold">Chords - Introduction</words>
    </direction-type>
    <voice>1</voice>
    <staff>1</staff>
   </direction>
   <note color="#000000" default-x="76" default-y="10">
    <pitch>
     <step>D</step>
     <octave>4</octave>
    </pitch>
    <duration>512</duration>
    <instrument id="P1-I1" />
    <voice>1</voice>
    <type>half</type>
    <stem>up</stem>
    <staff>1</staff>
   </note>
   <note color="#000000" default-x="76">
    <chord />
    <pitch>
     <step>A</step>
     <octave>4</octave>
    </pitch>
    <duration>512</duration>
    <instrument id="P1-I1" />
    <type>half</type>
    <staff>1</staff>
   </note>
   <note color="#000000" default-x="180" default-y="-57">
    <pitch>
     <step>A</step>
     <octave>4</octave>
    </pitch>
    <duration>512</duration>
    <instrument id="P1-I1" />
    <voice>1</voice>
    <type>half</type>
    <stem>down</stem>
    <staff>1</staff>
   </note>
   <note color="#000000" default-x="180">
    <chord />
    <pitch>
     <step>E</step>
     <octave>5</octave>
    </pitch>
    <duration>512</duration>
    <instrument id="P1-I1" />
    <type>half</type>
    <staff>1</staff>
   </note>
  </measure>
  <!--============== Part: P1, Measure: 2 ==============-->
  <measure number="2" width="261">
   <note color="#000000" default-x="15" default-y="10">
    <pitch>
     <step>D</step>
     <octave>4</octave>
    </pitch>
    <duration>256</duration>
    <instrument id="P1-I1" />
    <voice>1</voice>
    <type>quarter</type>
    <stem>up</stem>
    <staff>1</staff>
   </note>
   <note color="#000000" default-x="15">
    <chord />
    <pitch>
     <step>A</step>
     <octave>4</octave>
    </pitch>
    <duration>256</duration>
    <instrument id="P1-I1" />
    <type>quarter</type>
    <staff>1</staff>
   </note>
   <note color="#000000" default-x="76" default-y="-57">
    <pitch>
     <step>A</step>
     <octave>4</octave>
    </pitch>
    <duration>256</duration>
    <instrument id="P1-I1" />
    <voice>1</voice>
    <type>quarter</type>
    <stem>down</stem>
    <staff>1</staff>
   </note>
   <note color="#000000" default-x="76">
    <chord />
    <pitch>
     <step>E</step>
     <octave>5</octave>
    </pitch>
    <duration>256</duration>
    <instrument id="P1-I1" />
    <type>quarter</type>
    <staff>1</staff>
   </note>
   <note color="#000000" default-x="138" default-y="10">
    <pitch>
     <step>D</step>
     <octave>4</octave>
    </pitch>
    <duration>256</duration>
    <instrument id="P1-I1" />
    <voice>1</voice>
    <type>quarter</type>
    <stem>up</stem>
    <staff>1</staff>
   </note>
   <note color="#000000" default-x="138">
    <chord />
    <pitch>
     <step>A</step>
     <octave>4</octave>
    </pitch>
    <duration>256</duration>
    <instrument id="P1-I1" />
    <type>quarter</type>
    <staff>1</staff>
   </note>
   <note color="#000000" default-x="200" default-y="-57">
    <pitch>
     <step>A</step>
     <octave>4</octave>
    </pitch>
    <duration>256</duration>
    <instrument id="P1-I1" />
    <voice>1</voice>
    <type>quarter</type>
    <stem>down</stem>
    <staff>1</staff>
   </note>
   <note color="#000000" default-x="200">
    <chord />
    <pitch>
     <step>E</step>
     <octave>5</octave>
    </pitch>
    <duration>256</duration>
    <instrument id="P1-I1" />
    <type>quarter</type>
    <staff>1</staff>
   </note>
  </measure>
  <!--============== Part: P1, Measure: 3 ==============-->
  <measure number="3" width="224">
   <note color="#000000" default-x="15" default-y="10">
    <pitch>
     <step>D</step>
     <octave>4</octave>
    </pitch>
    <duration>512</duration>
    <instrument id="P1-I1" />
    <voice>1</voice>
    <type>half</type>
    <stem>up</stem>
    <staff>1</staff>
   </note>
   <note color="#000000" default-x="15">
    <chord />
    <pitch>
     <step>A</step>
     <octave>4</octave>
    </pitch>
    <duration>512</duration>
    <instrument id="P1-I1" />
    <type>half</type>
    <staff>1</staff>
   </note>
   <note color="#000000" default-x="119" default-y="-57">
    <pitch>
     <step>A</step>
     <octave>4</octave>
    </pitch>
    <duration>512</duration>
    <instrument id="P1-I1" />
    <voice>1</voice>
    <type>half</type>
    <stem>down</stem>
    <staff>1</staff>
   </note>
   <note color="#000000" default-x="119">
    <chord />
    <pitch>
     <step>E</step>
     <octave>5</octave>
    </pitch>
    <duration>512</duration>
    <instrument id="P1-I1" />
    <type>half</type>
    <staff>1</staff>
   </note>
  </measure>
  <!--============== Part: P1, Measure: 4 ==============-->
  <measure number="4" width="261">
   <note color="#000000" default-x="15" default-y="10">
    <pitch>
     <step>D</step>
     <octave>4</octave>
    </pitch>
    <duration>256</duration>
    <instrument id="P1-I1" />
    <voice>1</voice>
    <type>quarter</type>
    <stem>up</stem>
    <staff>1</staff>
    <notations>
     <slur color="#000000" type="start" orientation="over" />
    </notations>
   </note>
   <note color="#000000" default-x="15">
    <chord />
    <pitch>
     <step>A</step>
     <octave>4</octave>
    </pitch>
    <duration>256</duration>
    <instrument id="P1-I1" />
    <type>quarter</type>
    <staff>1</staff>
   </note>
   <note color="#000000" default-x="76" default-y="-57">
    <pitch>
     <step>A</step>
     <octave>4</octave>
    </pitch>
    <duration>256</duration>
    <instrument id="P1-I1" />
    <voice>1</voice>
    <type>quarter</type>
    <stem>down</stem>
    <staff>1</staff>
   </note>
   <note color="#000000" default-x="76">
    <chord />
    <pitch>
     <step>E</step>
     <octave>5</octave>
    </pitch>
    <duration>256</duration>
    <instrument id="P1-I1" />
    <type>quarter</type>
    <staff>1</staff>
    <notations>
     <slur color="#000000" type="stop" orientation="over" />
    </notations>
   </note>
   <note color="#000000" default-x="138" default-y="10">
    <pitch>
     <step>D</step>
     <octave>4</octave>
    </pitch>
    <duration>256</duration>
    <instrument id="P1-I1" />
    <voice>1</voice>
    <type>quarter</type>
    <stem>up</stem>
    <staff>1</staff>
    <notations>
     <slur color="#000000" type="start" orientation="over" />
    </notations>
   </note>
   <note color="#000000" default-x="138">
    <chord />
    <pitch>
     <step>A</step>
     <octave>4</octave>
    </pitch>
    <duration>256</duration>
    <instrument id="P1-I1" />
    <type>quarter</type>
    <staff>1</staff>
   </note>
   <note color="#000000" default-x="200" default-y="-57">
    <pitch>
     <step>A</step>
     <octave>4</octave>
    </pitch>
    <duration>256</duration>
    <instrument id="P1-I1" />
    <voice>1</voice>
    <type>quarter</type>
    <stem>down</stem>
    <staff>1</staff>
   </note>
   <note color="#000000" default-x="200">
    <chord />
    <pitch>
     <step>E</step>
     <octave>5</octave>
    </pitch>
    <duration>256</duration>
    <instrument id="P1-I1" />
    <type>quarter</type>
    <staff>1</staff>
    <notations>
     <slur color="#000000" type="stop" orientation="over" />
    </notations>
   </note>
  </measure>
  <!--============== Part: P1, Measure: 5 ==============-->
  <measure number="5" width="262">
   <print new-system="yes">
    <system-layout>
     <system-margins>
      <left-margin>22</left-margin>
      <right-margin>0</right-margin>
     </system-margins>
     <system-distance>92</system-distance>
    </system-layout>
   </print>
   <attributes>
    <staff-details number="1" print-object="yes" />
   </attributes>
   <note color="#000000" default-x="57" default-y="10">
    <pitch>
     <step>D</step>
     <octave>4</octave>
    </pitch>
    <duration>256</duration>
    <instrument id="P1-I1" />
    <voice>1</voice>
    <type>quarter</type>
    <stem>up</stem>
    <staff>1</staff>
    <notations>
     <technical>
      <down-bow />
     </technical>
    </notations>
   </note>
   <note color="#000000" default-x="57">
    <chord />
    <pitch>
     <step>A</step>
     <octave>4</octave>
    </pitch>
    <duration>256</duration>
    <instrument id="P1-I1" />
    <type>quarter</type>
    <staff>1</staff>
   </note>
   <note color="#000000" default-x="107" default-y="-57">
    <pitch>
     <step>A</step>
     <octave>4</octave>
    </pitch>
    <duration>256</duration>
    <instrument id="P1-I1" />
    <voice>1</voice>
    <type>quarter</type>
    <stem>down</stem>
    <staff>1</staff>
   </note>
   <note color="#000000" default-x="107">
    <chord />
    <pitch>
     <step>E</step>
     <octave>5</octave>
    </pitch>
    <duration>256</duration>
    <instrument id="P1-I1" />
    <type>quarter</type>
    <staff>1</staff>
   </note>
   <note color="#000000" default-x="158" default-y="10">
    <pitch>
     <step>D</step>
     <octave>4</octave>
    </pitch>
    <duration>128</duration>
    <instrument id="P1-I1" />
    <voice>1</voice>
    <type>eighth</type>
    <stem>up</stem>
    <staff>1</staff>
    <notations>
     <slur color="#000000" type="start" orientation="over" />
    </notations>
   </note>
   <note color="#000000" default-x="158">
    <chord />
    <pitch>
     <step>A</step>
     <octave>4</octave>
    </pitch>
    <duration>128</duration>
    <instrument id="P1-I1" />
    <type>eighth</type>
    <staff>1</staff>
   </note>
   <note color="#000000" default-x="194" default-y="-57">
    <pitch>
     <step>A</step>
     <octave>4</octave>
    </pitch>
    <duration>384</duration>
    <instrument id="P1-I1" />
    <voice>1</voice>
    <type>quarter</type>
    <dot />
    <stem>down</stem>
    <staff>1</staff>
   </note>
   <note color="#000000" default-x="194">
    <chord />
    <pitch>
     <step>E</step>
     <octave>5</octave>
    </pitch>
    <duration>256</duration>
    <instrument id="P1-I1" />
    <type>quarter</type>
    <dot />
    <staff>1</staff>
   </note>
  </measure>
  <!--============== Part: P1, Measure: 6 ==============-->
  <measure number="6" width="219">
   <note color="#000000" default-x="15" default-y="10">
    <pitch>
     <step>D</step>
     <octave>4</octave>
    </pitch>
    <duration>256</duration>
    <instrument id="P1-I1" />
    <voice>1</voice>
    <type>quarter</type>
    <stem>up</stem>
    <staff>1</staff>
    <notations>
     <technical>
      <down-bow />
     </technical>
    </notations>
   </note>
   <note color="#000000" default-x="15">
    <chord />
    <pitch>
     <step>A</step>
     <octave>4</octave>
    </pitch>
    <duration>256</duration>
    <instrument id="P1-I1" />
    <type>quarter</type>
    <staff>1</staff>
   </note>
   <note color="#000000" default-x="65" default-y="-57">
    <pitch>
     <step>A</step>
     <octave>4</octave>
    </pitch>
    <duration>256</duration>
    <instrument id="P1-I1" />
    <voice>1</voice>
    <type>quarter</type>
    <stem>down</stem>
    <staff>1</staff>
   </note>
   <note color="#000000" default-x="65">
    <chord />
    <pitch>
     <step>F</step>
     <alter>1</alter>
     <octave>5</octave>
    </pitch>
    <duration>256</duration>
    <instrument id="P1-I1" />
    <type>quarter</type>
    <accidental>sharp</accidental>
    <staff>1</staff>
   </note>
   <note color="#000000" default-x="115" default-y="10">
    <pitch>
     <step>D</step>
     <octave>4</octave>
    </pitch>
    <duration>128</duration>
    <instrument id="P1-I1" />
    <voice>1</voice>
    <type>eighth</type>
    <stem>up</stem>
    <staff>1</staff>
    <notations>
     <slur color="#000000" type="start" orientation="over" />
     <technical>
      <down-bow />
     </technical>
    </notations>
   </note>
   <note color="#000000" default-x="115">
    <chord />
    <pitch>
     <step>A</step>
     <octave>4</octave>
    </pitch>
    <duration>128</duration>
    <instrument id="P1-I1" />
    <type>eighth</type>
    <staff>1</staff>
   </note>
   <note color="#000000" default-x="151" default-y="-57">
    <pitch>
     <step>A</step>
     <octave>4</octave>
    </pitch>
    <duration>384</duration>
    <instrument id="P1-I1" />
    <voice>1</voice>
    <type>quarter</type>
    <dot />
    <stem>down</stem>
    <staff>1</staff>
   </note>
   <note color="#000000" default-x="151">
    <chord />
    <pitch>
     <step>F</step>
     <alter>1</alter>
     <octave>5</octave>
    </pitch>
    <duration>256</duration>
    <instrument id="P1-I1" />
    <type>quarter</type>
    <dot />
    <staff>1</staff>
   </note>
  </measure>
  <!--============== Part: P1, Measure: 7 ==============-->
  <measure number="7" width="228">
   <note color="#000000" default-x="15" default-y="10">
    <pitch>
     <step>D</step>
     <octave>4</octave>
    </pitch>
    <duration>128</duration>
    <instrument id="P1-I1" />
    <voice>1</voice>
    <type>eighth</type>
    <stem>up</stem>
    <staff>1</staff>
    <notations>
     <slur color="#000000" type="start" orientation="over" />
     <technical>
      <down-bow />
     </technical>
    </notations>
   </note>
   <note color="#000000" default-x="15">
    <chord />
    <pitch>
     <step>A</step>
     <octave>4</octave>
    </pitch>
    <duration>128</duration>
    <instrument id="P1-I1" />
    <type>eighth</type>
    <staff>1</staff>
   </note>
   <note color="#000000" default-x="56" default-y="-57">
    <pitch>
     <step>A</step>
     <octave>4</octave>
    </pitch>
    <duration>384</duration>
    <instrument id="P1-I1" />
    <voice>1</voice>
    <type>quarter</type>
    <dot />
    <stem>down</stem>
    <staff>1</staff>
   </note>
   <note color="#000000" default-x="56">
    <chord />
    <pitch>
     <step>F</step>
     <alter>1</alter>
     <octave>5</octave>
    </pitch>
    <duration>256</duration>
    <instrument id="P1-I1" />
    <type>quarter</type>
    <dot />
    <accidental>sharp</accidental>
    <staff>1</staff>
   </note>
   <note color="#000000" default-x="124" default-y="10">
    <pitch>
     <step>D</step>
     <octave>4</octave>
    </pitch>
    <duration>128</duration>
    <instrument id="P1-I1" />
    <voice>1</voice>
    <type>eighth</type>
    <stem>up</stem>
    <staff>1</staff>
    <notations>
     <slur color="#000000" type="start" orientation="over" />
     <technical>
      <down-bow />
     </technical>
    </notations>
   </note>
   <note color="#000000" default-x="124">
    <chord />
    <pitch>
     <step>A</step>
     <octave>4</octave>
    </pitch>
    <duration>128</duration>
    <instrument id="P1-I1" />
    <type>eighth</type>
    <staff>1</staff>
   </note>
   <note color="#000000" default-x="160" default-y="-57">
    <pitch>
     <step>A</step>
     <octave>4</octave>
    </pitch>
    <duration>384</duration>
    <instrument id="P1-I1" />
    <voice>1</voice>
    <type>quarter</type>
    <dot />
    <stem>down</stem>
    <staff>1</staff>
   </note>
   <note color="#000000" default-x="160">
    <chord />
    <pitch>
     <step>F</step>
     <alter>1</alter>
     <octave>5</octave>
    </pitch>
    <duration>256</duration>
    <instrument id="P1-I1" />
    <type>quarter</type>
    <dot />
    <staff>1</staff>
   </note>
  </measure>
  <!--============== Part: P1, Measure: 8 ==============-->
  <measure number="8" width="322">
   <note color="#000000" default-x="15" default-y="27">
    <pitch>
     <step>D</step>
     <octave>4</octave>
    </pitch>
    <duration>64</duration>
    <instrument id="P1-I1" />
    <voice>1</voice>
    <type>16th</type>
    <stem>up</stem>
    <staff>1</staff>
    <beam number="1">begin</beam>
    <beam number="2">forward hook</beam>
    <notations>
     <slur color="#000000" type="start" orientation="under" />
     <technical>
      <down-bow />
     </technical>
    </notations>
   </note>
   <note color="#000000" default-x="15">
    <chord />
    <pitch>
     <step>A</step>
     <octave>4</octave>
    </pitch>
    <duration>64</duration>
    <instrument id="P1-I1" />
    <type>16th</type>
    <staff>1</staff>
   </note>
   <note color="#000000" default-x="43" default-y="27">
    <pitch>
     <step>A</step>
     <octave>4</octave>
    </pitch>
    <duration>192</duration>
    <instrument id="P1-I1" />
    <voice>1</voice>
    <type>eighth</type>
    <dot />
    <stem>up</stem>
    <staff>1</staff>
    <beam number="1">end</beam>
   </note>
   <note color="#000000" default-x="43">
    <chord />
    <pitch>
     <step>F</step>
     <alter>1</alter>
     <octave>5</octave>
    </pitch>
    <duration>128</duration>
    <instrument id="P1-I1" />
    <type>eighth</type>
    <dot />
    <accidental>sharp</accidental>
    <staff>1</staff>
    <notations>
     <slur color="#000000" type="stop" orientation="under" />
    </notations>
   </note>
   <note color="#000000" default-x="86" default-y="27">
    <pitch>
     <step>D</step>
     <octave>4</octave>
    </pitch>
    <duration>64</duration>
    <instrument id="P1-I1" />
    <voice>1</voice>
    <type>16th</type>
    <stem>up</stem>
    <staff>1</staff>
    <beam number="1">begin</beam>
    <beam number="2">forward hook</beam>
    <notations>
     <slur color="#000000" type="start" orientation="under" />
     <technical>
      <down-bow />
     </technical>
    </notations>
   </note>
   <note color="#000000" default-x="86">
    <chord />
    <pitch>
     <step>A</step>
     <octave>4</octave>
    </pitch>
    <duration>64</duration>
    <instrument id="P1-I1" />
    <type>16th</type>
    <staff>1</staff>
   </note>
   <note color="#000000" default-x="114" default-y="27">
    <pitch>
     <step>A</step>
     <octave>4</octave>
    </pitch>
    <duration>192</duration>
    <instrument id="P1-I1" />
    <voice>1</voice>
    <type>eighth</type>
    <dot />
    <stem>up</stem>
    <staff>1</staff>
    <beam number="1">end</beam>
   </note>
   <note color="#000000" default-x="114">
    <chord />
    <pitch>
     <step>F</step>
     <alter>1</alter>
     <octave>5</octave>
    </pitch>
    <duration>128</duration>
    <instrument id="P1-I1" />
    <type>eighth</type>
    <dot />
    <staff>1</staff>
    <notations>
     <slur color="#000000" type="stop" orientation="under" />
    </notations>
   </note>
   <note color="#000000" default-x="157" default-y="27">
    <pitch>
     <step>D</step>
     <octave>4</octave>
    </pitch>
    <duration>64</duration>
    <instrument id="P1-I1" />
    <voice>1</voice>
    <type>16th</type>
    <stem>up</stem>
    <staff>1</staff>
    <beam number="1">begin</beam>
    <beam number="2">forward hook</beam>
    <notations>
     <slur color="#000000" type="start" orientation="under" />
     <technical>
      <down-bow />
     </technical>
    </notations>
   </note>
   <note color="#000000" default-x="157">
    <chord />
    <pitch>
     <step>A</step>
     <octave>4</octave>
    </pitch>
    <duration>64</duration>
    <instrument id="P1-I1" />
    <type>16th</type>
    <staff>1</staff>
   </note>
   <note color="#000000" default-x="185" default-y="27">
    <pitch>
     <step>A</step>
     <octave>4</octave>
    </pitch>
    <duration>192</duration>
    <instrument id="P1-I1" />
    <voice>1</voice>
    <type>eighth</type>
    <dot />
    <stem>up</stem>
    <staff>1</staff>
    <beam number="1">end</beam>
   </note>
   <note color="#000000" default-x="185">
    <chord />
    <pitch>
     <step>F</step>
     <alter>1</alter>
     <octave>5</octave>
    </pitch>
    <duration>128</duration>
    <instrument id="P1-I1" />
    <type>eighth</type>
    <dot />
    <staff>1</staff>
    <notations>
     <slur color="#000000" type="stop" orientation="under" />
    </notations>
   </note>
   <note color="#000000" default-x="228" default-y="27">
    <pitch>
     <step>D</step>
     <octave>4</octave>
    </pitch>
    <duration>64</duration>
    <instrument id="P1-I1" />
    <voice>1</voice>
    <type>16th</type>
    <stem>up</stem>
    <staff>1</staff>
    <beam number="1">begin</beam>
    <beam number="2">forward hook</beam>
    <notations>
     <slur color="#000000" type="start" orientation="under" />
     <technical>
      <down-bow />
     </technical>
    </notations>
   </note>
   <note color="#000000" default-x="228">
    <chord />
    <pitch>
     <step>A</step>
     <octave>4</octave>
    </pitch>
    <duration>64</duration>
    <instrument id="P1-I1" />
    <type>16th</type>
    <staff>1</staff>
   </note>
   <note color="#000000" default-x="256" default-y="27">
    <pitch>
     <step>A</step>
     <octave>4</octave>
    </pitch>
    <duration>192</duration>
    <instrument id="P1-I1" />
    <voice>1</voice>
    <type>eighth</type>
    <dot />
    <stem>up</stem>
    <staff>1</staff>
    <beam number="1">end</beam>
   </note>
   <note color="#000000" default-x="256">
    <chord />
    <pitch>
     <step>F</step>
     <alter>1</alter>
     <octave>5</octave>
    </pitch>
    <duration>128</duration>
    <instrument id="P1-I1" />
    <type>eighth</type>
    <dot />
    <staff>1</staff>
    <notations>
     <slur color="#000000" type="stop" orientation="under" />
    </notations>
   </note>
   <barline location="right">
    <bar-style>light-heavy</bar-style>
    <repeat direction="backward" />
   </barline>
  </measure>
 </part>
</score-partwise>
