<?xml version="1.0" encoding='UTF-8' standalone='no' ?>
<!DOCTYPE score-partwise PUBLIC "-//Recordare//DTD MusicXML 3.0 Partwise//EN" "http://www.musicxml.org/dtds/partwise.dtd">
<score-partwise version="3.0">
 <work>
  <work-title />
 </work>
 <identification>
  <encoding>
   <encoding-date>2021-04-27</encoding-date>
   <encoder>esiny</encoder>
   <software>Sibelius 19.1.0</software>
   <software>Direct export, not from Dolet</software>
   <encoding-description>Sibelius / MusicXML 3.0</encoding-description>
   <supports element="print" type="yes" value="yes" attribute="new-system" />
   <supports element="print" type="yes" value="yes" attribute="new-page" />
   <supports element="accidental" type="yes" />
   <supports element="beam" type="yes" />
   <supports element="stem" type="yes" />
  </encoding>
 </identification>
 <defaults>
  <scaling>
   <millimeters>215.9</millimeters>
   <tenths>1439</tenths>
  </scaling>
  <page-layout>
   <page-height>1862</page-height>
   <page-width>1439</page-width>
   <page-margins type="both">
    <left-margin>84</left-margin>
    <right-margin>84</right-margin>
    <top-margin>84</top-margin>
    <bottom-margin>84</bottom-margin>
   </page-margins>
  </page-layout>
  <system-layout>
   <system-margins>
    <left-margin>63</left-margin>
    <right-margin>0</right-margin>
   </system-margins>
   <system-distance>92</system-distance>
  </system-layout>
  <appearance>
   <line-width type="stem">0.9375</line-width>
   <line-width type="beam">5</line-width>
   <line-width type="staff">0.9375</line-width>
   <line-width type="light barline">1.5625</line-width>
   <line-width type="heavy barline">5</line-width>
   <line-width type="leger">1.5625</line-width>
   <line-width type="ending">1.5625</line-width>
   <line-width type="wedge">1.25</line-width>
   <line-width type="enclosure">0.9375</line-width>
   <line-width type="tuplet bracket">1.25</line-width>
   <line-width type="bracket">5</line-width>
   <line-width type="dashes">1.5625</line-width>
   <line-width type="extend">0.9375</line-width>
   <line-width type="octave shift">1.5625</line-width>
   <line-width type="pedal">1.5625</line-width>
   <line-width type="slur middle">1.5625</line-width>
   <line-width type="slur tip">0.625</line-width>
   <line-width type="tie middle">1.5625</line-width>
   <line-width type="tie tip">0.625</line-width>
   <note-size type="cue">75</note-size>
   <note-size type="grace">60</note-size>
  </appearance>
  <music-font font-family="Opus Std" font-size="17.0079" />
  <lyric-font font-family="Times New Roman" font-size="9.8327" />
  <lyric-language xml:lang="en" />
 </defaults>
 <part-list>
  <part-group type="start" number="1">
   <group-symbol>brace</group-symbol>
  </part-group>
  <score-part id="P1">
   <part-name>23.</part-name>
   <part-name-display>
    <display-text>23.</display-text>
   </part-name-display>
   <score-instrument id="P1-I1">
    <instrument-name>Piano (2)</instrument-name>
    <instrument-sound>keyboard.piano.grand</instrument-sound>
    <solo />
   </score-instrument>
  </score-part>
  <part-group type="stop" number="1" />
 </part-list>
 <part id="P1">
  <!--============== Part: P1, Measure: 1 ==============-->
  <measure number="1" width="289">
   <print new-page="yes">
    <system-layout>
     <system-margins>
      <left-margin>64</left-margin>
      <right-margin>0</right-margin>
     </system-margins>
     <top-system-distance>79</top-system-distance>
    </system-layout>
    <staff-layout number="2">
     <staff-distance>55</staff-distance>
    </staff-layout>
   </print>
   <attributes>
    <divisions>256</divisions>
    <key color="#000000">
     <fifths>0</fifths>
     <mode>major</mode>
    </key>
    <time color="#000000">
     <beats>6</beats>
     <beat-type>8</beat-type>
    </time>
    <staves>2</staves>
    <clef number="1" color="#000000">
     <sign>G</sign>
     <line>2</line>
    </clef>
    <clef number="2" color="#000000">
     <sign>G</sign>
     <line>2</line>
    </clef>
    <staff-details number="1" print-object="yes" />
    <staff-details number="2" print-object="yes" />
   </attributes>
   <direction>
    <direction-type>
     <words default-x="78" default-y="4" justify="left" valign="middle" font-family="Times New Roman" font-style="normal" font-size="5.9793" font-weight="bold">1</words>
    </direction-type>
    <voice>1</voice>
    <staff>1</staff>
   </direction>
   <note color="#000000" default-x="75" default-y="-50">
    <pitch>
     <step>C</step>
     <octave>5</octave>
    </pitch>
    <duration>256</duration>
    <instrument id="P1-I1" />
    <voice>1</voice>
    <type>quarter</type>
    <stem>down</stem>
    <staff>1</staff>
    <notations>
     <slur color="#000000" type="start" orientation="over" />
    </notations>
   </note>
   <direction>
    <direction-type>
     <words default-x="151" default-y="8" justify="left" valign="middle" font-family="Times New Roman" font-style="normal" font-size="5.9793" font-weight="bold">2</words>
    </direction-type>
    <voice>1</voice>
    <staff>1</staff>
   </direction>
   <note color="#000000" default-x="146" default-y="-40">
    <pitch>
     <step>E</step>
     <octave>5</octave>
    </pitch>
    <duration>128</duration>
    <instrument id="P1-I1" />
    <voice>1</voice>
    <type>eighth</type>
    <stem>down</stem>
    <staff>1</staff>
   </note>
   <direction>
    <direction-type>
     <words default-x="186" default-y="15" justify="left" valign="middle" font-family="Times New Roman" font-style="normal" font-size="5.9793" font-weight="bold">3</words>
    </direction-type>
    <voice>1</voice>
    <staff>1</staff>
   </direction>
   <note color="#000000" default-x="182" default-y="-30">
    <pitch>
     <step>G</step>
     <octave>5</octave>
    </pitch>
    <duration>256</duration>
    <instrument id="P1-I1" />
    <voice>1</voice>
    <type>quarter</type>
    <stem>down</stem>
    <staff>1</staff>
   </note>
   <direction>
    <direction-type>
     <words default-x="261" default-y="27" justify="left" valign="middle" font-family="Times New Roman" font-style="normal" font-size="5.9793" font-weight="bold">5</words>
    </direction-type>
    <voice>1</voice>
    <staff>1</staff>
   </direction>
   <note color="#000000" default-x="253" default-y="-20">
    <pitch>
     <step>C</step>
     <octave>6</octave>
    </pitch>
    <duration>128</duration>
    <instrument id="P1-I1" />
    <voice>1</voice>
    <type>eighth</type>
    <stem>down</stem>
    <staff>1</staff>
    <notations>
     <slur color="#000000" type="stop" orientation="over" />
    </notations>
   </note>
   <backup>
    <duration>768</duration>
   </backup>
   <direction>
    <direction-type>
     <words default-x="79" default-y="-71" justify="left" valign="middle" font-family="Times New Roman" font-style="normal" font-size="5.9793" font-weight="bold">5</words>
    </direction-type>
    <voice>2</voice>
    <staff>2</staff>
   </direction>
   <note color="#000000" default-x="75">
    <pitch>
     <step>C</step>
     <octave>4</octave>
    </pitch>
    <duration>128</duration>
    <instrument id="P1-I1" />
    <voice>2</voice>
    <type>eighth</type>
    <stem>up</stem>
    <staff>2</staff>
    <beam number="1">begin</beam>
   </note>
   <direction>
    <direction-type>
     <words default-x="104" default-y="-71" justify="left" valign="middle" font-family="Times New Roman" font-style="italic" font-size="10.2313" font-weight="normal">legato</words>
    </direction-type>
    <voice>2</voice>
    <staff>2</staff>
   </direction>
   <note color="#000000" default-x="110">
    <pitch>
     <step>E</step>
     <octave>4</octave>
    </pitch>
    <duration>128</duration>
    <instrument id="P1-I1" />
    <voice>2</voice>
    <type>eighth</type>
    <stem>up</stem>
    <staff>2</staff>
    <beam number="1">continue</beam>
   </note>
   <note color="#000000" default-x="146">
    <pitch>
     <step>G</step>
     <octave>4</octave>
    </pitch>
    <duration>128</duration>
    <instrument id="P1-I1" />
    <voice>2</voice>
    <type>eighth</type>
    <stem>up</stem>
    <staff>2</staff>
    <beam number="1">end</beam>
   </note>
   <note color="#000000" default-x="182">
    <pitch>
     <step>C</step>
     <octave>4</octave>
    </pitch>
    <duration>128</duration>
    <instrument id="P1-I1" />
    <voice>2</voice>
    <type>eighth</type>
    <stem>up</stem>
    <staff>2</staff>
    <beam number="1">begin</beam>
   </note>
   <note color="#000000" default-x="217">
    <pitch>
     <step>E</step>
     <octave>4</octave>
    </pitch>
    <duration>128</duration>
    <instrument id="P1-I1" />
    <voice>2</voice>
    <type>eighth</type>
    <stem>up</stem>
    <staff>2</staff>
    <beam number="1">continue</beam>
   </note>
   <note color="#000000" default-x="253">
    <pitch>
     <step>G</step>
     <octave>4</octave>
    </pitch>
    <duration>128</duration>
    <instrument id="P1-I1" />
    <voice>2</voice>
    <type>eighth</type>
    <stem>up</stem>
    <staff>2</staff>
    <beam number="1">end</beam>
   </note>
  </measure>
  <!--============== Part: P1, Measure: 2 ==============-->
  <measure number="2" width="229">
   <attributes />
   <direction>
    <direction-type>
     <words default-x="13" default-y="27" justify="left" valign="middle" font-family="Times New Roman" font-style="normal" font-size="5.9793" font-weight="bold">5</words>
    </direction-type>
    <voice>1</voice>
    <staff>1</staff>
   </direction>
   <note color="#000000" default-x="15" default-y="-20">
    <pitch>
     <step>C</step>
     <octave>6</octave>
    </pitch>
    <duration>256</duration>
    <instrument id="P1-I1" />
    <voice>1</voice>
    <type>quarter</type>
    <stem>down</stem>
    <staff>1</staff>
    <notations>
     <slur color="#000000" type="start" orientation="over" />
    </notations>
   </note>
   <direction>
    <direction-type>
     <words default-x="85" default-y="17" justify="left" valign="middle" font-family="Times New Roman" font-style="normal" font-size="5.9793" font-weight="bold">4</words>
    </direction-type>
    <voice>1</voice>
    <staff>1</staff>
   </direction>
   <note color="#000000" default-x="86" default-y="-25">
    <pitch>
     <step>A</step>
     <octave>5</octave>
    </pitch>
    <duration>128</duration>
    <instrument id="P1-I1" />
    <voice>1</voice>
    <type>eighth</type>
    <stem>down</stem>
    <staff>1</staff>
   </note>
   <direction>
    <direction-type>
     <words default-x="129" default-y="16" justify="left" valign="middle" font-family="Times New Roman" font-style="normal" font-size="5.9793" font-weight="bold">2</words>
    </direction-type>
    <voice>1</voice>
    <staff>1</staff>
   </direction>
   <note color="#000000" default-x="122" default-y="-35">
    <pitch>
     <step>F</step>
     <octave>5</octave>
    </pitch>
    <duration>256</duration>
    <instrument id="P1-I1" />
    <voice>1</voice>
    <type>quarter</type>
    <stem>down</stem>
    <staff>1</staff>
    <notations>
     <slur color="#000000" type="stop" orientation="over" />
    </notations>
   </note>
   <direction>
    <direction-type>
     <words default-x="192" default-y="17" justify="left" valign="middle" font-family="Times New Roman" font-style="normal" font-size="5.9793" font-weight="bold">4</words>
    </direction-type>
    <voice>1</voice>
    <staff>1</staff>
   </direction>
   <note color="#000000" default-x="193" default-y="-25">
    <pitch>
     <step>A</step>
     <octave>5</octave>
    </pitch>
    <duration>128</duration>
    <instrument id="P1-I1" />
    <voice>1</voice>
    <type>eighth</type>
    <stem>down</stem>
    <staff>1</staff>
    <notations>
     <slur color="#000000" type="start" orientation="over" />
    </notations>
   </note>
   <backup>
    <duration>768</duration>
   </backup>
   <note color="#000000" default-x="15" default-y="9">
    <pitch>
     <step>C</step>
     <octave>4</octave>
    </pitch>
    <duration>128</duration>
    <instrument id="P1-I1" />
    <voice>2</voice>
    <type>eighth</type>
    <stem>up</stem>
    <staff>2</staff>
    <beam number="1">begin</beam>
   </note>
   <note color="#000000" default-x="50" default-y="9">
    <pitch>
     <step>F</step>
     <octave>4</octave>
    </pitch>
    <duration>128</duration>
    <instrument id="P1-I1" />
    <voice>2</voice>
    <type>eighth</type>
    <stem>up</stem>
    <staff>2</staff>
    <beam number="1">continue</beam>
   </note>
   <note color="#000000" default-x="86" default-y="9">
    <pitch>
     <step>A</step>
     <octave>4</octave>
    </pitch>
    <duration>128</duration>
    <instrument id="P1-I1" />
    <voice>2</voice>
    <type>eighth</type>
    <stem>up</stem>
    <staff>2</staff>
    <beam number="1">end</beam>
   </note>
   <note color="#000000" default-x="122" default-y="9">
    <pitch>
     <step>C</step>
     <octave>4</octave>
    </pitch>
    <duration>128</duration>
    <instrument id="P1-I1" />
    <voice>2</voice>
    <type>eighth</type>
    <stem>up</stem>
    <staff>2</staff>
    <beam number="1">begin</beam>
   </note>
   <note color="#000000" default-x="157" default-y="9">
    <pitch>
     <step>F</step>
     <octave>4</octave>
    </pitch>
    <duration>128</duration>
    <instrument id="P1-I1" />
    <voice>2</voice>
    <type>eighth</type>
    <stem>up</stem>
    <staff>2</staff>
    <beam number="1">continue</beam>
   </note>
   <note color="#000000" default-x="193" default-y="9">
    <pitch>
     <step>A</step>
     <octave>4</octave>
    </pitch>
    <duration>128</duration>
    <instrument id="P1-I1" />
    <voice>2</voice>
    <type>eighth</type>
    <stem>up</stem>
    <staff>2</staff>
    <beam number="1">end</beam>
   </note>
  </measure>
  <!--============== Part: P1, Measure: 3 ==============-->
  <measure number="3" width="229">
   <attributes />
   <direction>
    <direction-type>
     <words default-x="19" default-y="15" justify="left" valign="middle" font-family="Times New Roman" font-style="normal" font-size="5.9793" font-weight="bold">3</words>
    </direction-type>
    <voice>1</voice>
    <staff>1</staff>
   </direction>
   <note color="#000000" default-x="15" default-y="-30">
    <pitch>
     <step>G</step>
     <octave>5</octave>
    </pitch>
    <duration>256</duration>
    <instrument id="P1-I1" />
    <voice>1</voice>
    <type>quarter</type>
    <stem>down</stem>
    <staff>1</staff>
   </note>
   <direction>
    <direction-type>
     <words default-x="86" default-y="6" justify="left" valign="middle" font-family="Times New Roman" font-style="normal" font-size="5.9793" font-weight="bold">2</words>
    </direction-type>
    <voice>1</voice>
    <staff>1</staff>
   </direction>
   <note color="#000000" default-x="86" default-y="-40">
    <pitch>
     <step>E</step>
     <octave>5</octave>
    </pitch>
    <duration>128</duration>
    <instrument id="P1-I1" />
    <voice>1</voice>
    <type>eighth</type>
    <stem>down</stem>
    <staff>1</staff>
   </note>
   <direction>
    <direction-type>
     <words default-x="128" default-y="2" justify="left" valign="middle" font-family="Times New Roman" font-style="normal" font-size="5.9793" font-weight="bold">1</words>
    </direction-type>
    <voice>1</voice>
    <staff>1</staff>
   </direction>
   <note color="#000000" default-x="122" default-y="-50">
    <pitch>
     <step>C</step>
     <octave>5</octave>
    </pitch>
    <duration>256</duration>
    <instrument id="P1-I1" />
    <voice>1</voice>
    <type>quarter</type>
    <stem>down</stem>
    <staff>1</staff>
    <notations>
     <slur color="#000000" type="stop" orientation="over" />
    </notations>
   </note>
   <direction>
    <direction-type>
     <words default-x="197" default-y="15" justify="left" valign="middle" font-family="Times New Roman" font-style="normal" font-size="5.9793" font-weight="bold">3</words>
    </direction-type>
    <voice>1</voice>
    <staff>1</staff>
   </direction>
   <note color="#000000" default-x="193" default-y="-40">
    <pitch>
     <step>E</step>
     <octave>5</octave>
    </pitch>
    <duration>128</duration>
    <instrument id="P1-I1" />
    <voice>1</voice>
    <type>eighth</type>
    <stem>down</stem>
    <staff>1</staff>
    <notations>
     <slur color="#000000" type="start" orientation="over" />
    </notations>
   </note>
   <backup>
    <duration>768</duration>
   </backup>
   <note color="#000000" default-x="15">
    <pitch>
     <step>C</step>
     <octave>4</octave>
    </pitch>
    <duration>128</duration>
    <instrument id="P1-I1" />
    <voice>2</voice>
    <type>eighth</type>
    <stem>up</stem>
    <staff>2</staff>
    <beam number="1">begin</beam>
   </note>
   <note color="#000000" default-x="50">
    <pitch>
     <step>E</step>
     <octave>4</octave>
    </pitch>
    <duration>128</duration>
    <instrument id="P1-I1" />
    <voice>2</voice>
    <type>eighth</type>
    <stem>up</stem>
    <staff>2</staff>
    <beam number="1">continue</beam>
   </note>
   <note color="#000000" default-x="86">
    <pitch>
     <step>G</step>
     <octave>4</octave>
    </pitch>
    <duration>128</duration>
    <instrument id="P1-I1" />
    <voice>2</voice>
    <type>eighth</type>
    <stem>up</stem>
    <staff>2</staff>
    <beam number="1">end</beam>
   </note>
   <note color="#000000" default-x="122">
    <pitch>
     <step>C</step>
     <octave>4</octave>
    </pitch>
    <duration>128</duration>
    <instrument id="P1-I1" />
    <voice>2</voice>
    <type>eighth</type>
    <stem>up</stem>
    <staff>2</staff>
    <beam number="1">begin</beam>
   </note>
   <note color="#000000" default-x="157">
    <pitch>
     <step>E</step>
     <octave>4</octave>
    </pitch>
    <duration>128</duration>
    <instrument id="P1-I1" />
    <voice>2</voice>
    <type>eighth</type>
    <stem>up</stem>
    <staff>2</staff>
    <beam number="1">continue</beam>
   </note>
   <note color="#000000" default-x="193">
    <pitch>
     <step>G</step>
     <octave>4</octave>
    </pitch>
    <duration>128</duration>
    <instrument id="P1-I1" />
    <voice>2</voice>
    <type>eighth</type>
    <stem>up</stem>
    <staff>2</staff>
    <beam number="1">end</beam>
   </note>
  </measure>
  <!--============== Part: P1, Measure: 4 ==============-->
  <measure number="4" width="229">
   <attributes />
   <direction>
    <direction-type>
     <words default-x="19" default-y="15" justify="left" valign="middle" font-family="Times New Roman" font-style="normal" font-size="5.9793" font-weight="bold">2</words>
    </direction-type>
    <voice>1</voice>
    <staff>1</staff>
   </direction>
   <note color="#000000" default-x="15" default-y="-45">
    <pitch>
     <step>D</step>
     <octave>5</octave>
    </pitch>
    <duration>256</duration>
    <instrument id="P1-I1" />
    <voice>1</voice>
    <type>quarter</type>
    <stem>down</stem>
    <staff>1</staff>
    <notations>
     <slur color="#000000" type="stop" orientation="over" />
    </notations>
   </note>
   <note color="#000000" default-x="86" default-y="-45">
    <pitch>
     <step>D</step>
     <octave>5</octave>
    </pitch>
    <duration>128</duration>
    <instrument id="P1-I1" />
    <voice>1</voice>
    <type>eighth</type>
    <stem>down</stem>
    <staff>1</staff>
   </note>
   <note color="#000000" default-x="122" default-y="-45">
    <pitch>
     <step>D</step>
     <octave>5</octave>
    </pitch>
    <duration>384</duration>
    <instrument id="P1-I1" />
    <voice>1</voice>
    <type>quarter</type>
    <dot />
    <stem>down</stem>
    <staff>1</staff>
   </note>
   <backup>
    <duration>768</duration>
   </backup>
   <direction>
    <direction-type>
     <words default-x="19" default-y="-72" justify="left" valign="middle" font-family="Times New Roman" font-style="normal" font-size="5.9793" font-weight="bold">5</words>
    </direction-type>
    <voice>2</voice>
    <staff>2</staff>
   </direction>
   <note color="#000000" default-x="15">
    <pitch>
     <step>B</step>
     <octave>3</octave>
    </pitch>
    <duration>128</duration>
    <instrument id="P1-I1" />
    <voice>2</voice>
    <type>eighth</type>
    <stem>up</stem>
    <staff>2</staff>
    <beam number="1">begin</beam>
   </note>
   <direction>
    <direction-type>
     <words default-x="54" default-y="-71" justify="left" valign="middle" font-family="Times New Roman" font-style="normal" font-size="5.9793" font-weight="bold">2</words>
    </direction-type>
    <voice>2</voice>
    <staff>2</staff>
   </direction>
   <note color="#000000" default-x="50">
    <pitch>
     <step>F</step>
     <octave>4</octave>
    </pitch>
    <duration>128</duration>
    <instrument id="P1-I1" />
    <voice>2</voice>
    <type>eighth</type>
    <stem>up</stem>
    <staff>2</staff>
    <beam number="1">continue</beam>
   </note>
   <direction>
    <direction-type>
     <words default-x="90" default-y="-71" justify="left" valign="middle" font-family="Times New Roman" font-style="normal" font-size="5.9793" font-weight="bold">1</words>
    </direction-type>
    <voice>2</voice>
    <staff>2</staff>
   </direction>
   <note color="#000000" default-x="86">
    <pitch>
     <step>G</step>
     <octave>4</octave>
    </pitch>
    <duration>128</duration>
    <instrument id="P1-I1" />
    <voice>2</voice>
    <type>eighth</type>
    <stem>up</stem>
    <staff>2</staff>
    <beam number="1">end</beam>
   </note>
   <note color="#000000" default-x="122">
    <pitch>
     <step>B</step>
     <octave>3</octave>
    </pitch>
    <duration>128</duration>
    <instrument id="P1-I1" />
    <voice>2</voice>
    <type>eighth</type>
    <stem>up</stem>
    <staff>2</staff>
    <beam number="1">begin</beam>
   </note>
   <note color="#000000" default-x="157">
    <pitch>
     <step>F</step>
     <octave>4</octave>
    </pitch>
    <duration>128</duration>
    <instrument id="P1-I1" />
    <voice>2</voice>
    <type>eighth</type>
    <stem>up</stem>
    <staff>2</staff>
    <beam number="1">continue</beam>
   </note>
   <note color="#000000" default-x="193">
    <pitch>
     <step>G</step>
     <octave>4</octave>
    </pitch>
    <duration>128</duration>
    <instrument id="P1-I1" />
    <voice>2</voice>
    <type>eighth</type>
    <stem>up</stem>
    <staff>2</staff>
    <beam number="1">end</beam>
   </note>
  </measure>
  <!--============== Part: P1, Measure: 5 ==============-->
  <measure number="5" width="229">
   <attributes />
   <note color="#000000" default-x="15" default-y="-50">
    <pitch>
     <step>C</step>
     <octave>5</octave>
    </pitch>
    <duration>256</duration>
    <instrument id="P1-I1" />
    <voice>1</voice>
    <type>quarter</type>
    <stem>down</stem>
    <staff>1</staff>
    <notations>
     <slur color="#000000" type="start" orientation="over" />
    </notations>
   </note>
   <note color="#000000" default-x="86" default-y="-40">
    <pitch>
     <step>E</step>
     <octave>5</octave>
    </pitch>
    <duration>128</duration>
    <instrument id="P1-I1" />
    <voice>1</voice>
    <type>eighth</type>
    <stem>down</stem>
    <staff>1</staff>
   </note>
   <note color="#000000" default-x="121" default-y="-30">
    <pitch>
     <step>G</step>
     <octave>5</octave>
    </pitch>
    <duration>256</duration>
    <instrument id="P1-I1" />
    <voice>1</voice>
    <type>quarter</type>
    <stem>down</stem>
    <staff>1</staff>
   </note>
   <note color="#000000" default-x="193" default-y="-20">
    <pitch>
     <step>C</step>
     <octave>6</octave>
    </pitch>
    <duration>128</duration>
    <instrument id="P1-I1" />
    <voice>1</voice>
    <type>eighth</type>
    <stem>down</stem>
    <staff>1</staff>
    <notations>
     <slur color="#000000" type="stop" orientation="over" />
    </notations>
   </note>
   <backup>
    <duration>768</duration>
   </backup>
   <note color="#000000" default-x="15">
    <pitch>
     <step>C</step>
     <octave>4</octave>
    </pitch>
    <duration>128</duration>
    <instrument id="P1-I1" />
    <voice>2</voice>
    <type>eighth</type>
    <stem>up</stem>
    <staff>2</staff>
    <beam number="1">begin</beam>
   </note>
   <note color="#000000" default-x="50">
    <pitch>
     <step>E</step>
     <octave>4</octave>
    </pitch>
    <duration>128</duration>
    <instrument id="P1-I1" />
    <voice>2</voice>
    <type>eighth</type>
    <stem>up</stem>
    <staff>2</staff>
    <beam number="1">continue</beam>
   </note>
   <note color="#000000" default-x="86">
    <pitch>
     <step>G</step>
     <octave>4</octave>
    </pitch>
    <duration>128</duration>
    <instrument id="P1-I1" />
    <voice>2</voice>
    <type>eighth</type>
    <stem>up</stem>
    <staff>2</staff>
    <beam number="1">end</beam>
   </note>
   <note color="#000000" default-x="121">
    <pitch>
     <step>C</step>
     <octave>4</octave>
    </pitch>
    <duration>128</duration>
    <instrument id="P1-I1" />
    <voice>2</voice>
    <type>eighth</type>
    <stem>up</stem>
    <staff>2</staff>
    <beam number="1">begin</beam>
   </note>
   <note color="#000000" default-x="157">
    <pitch>
     <step>E</step>
     <octave>4</octave>
    </pitch>
    <duration>128</duration>
    <instrument id="P1-I1" />
    <voice>2</voice>
    <type>eighth</type>
    <stem>up</stem>
    <staff>2</staff>
    <beam number="1">continue</beam>
   </note>
   <note color="#000000" default-x="193">
    <pitch>
     <step>G</step>
     <octave>4</octave>
    </pitch>
    <duration>128</duration>
    <instrument id="P1-I1" />
    <voice>2</voice>
    <type>eighth</type>
    <stem>up</stem>
    <staff>2</staff>
    <beam number="1">end</beam>
   </note>
  </measure>
  <!--============== Part: P1, Measure: 6 ==============-->
  <measure number="6" width="268">
   <print new-system="yes">
    <system-layout>
     <system-margins>
      <left-margin>64</left-margin>
      <right-margin>0</right-margin>
     </system-margins>
     <system-distance>162</system-distance>
    </system-layout>
    <staff-layout number="2">
     <staff-distance>55</staff-distance>
    </staff-layout>
   </print>
   <attributes>
    <staff-details number="1" print-object="yes" />
    <staff-details number="2" print-object="yes" />
   </attributes>
   <note color="#000000" default-x="57" default-y="-20">
    <pitch>
     <step>C</step>
     <octave>6</octave>
    </pitch>
    <duration>256</duration>
    <instrument id="P1-I1" />
    <voice>1</voice>
    <type>quarter</type>
    <stem>down</stem>
    <staff>1</staff>
    <notations>
     <slur color="#000000" type="start" orientation="over" />
    </notations>
   </note>
   <direction>
    <direction-type>
     <words default-x="136" default-y="31" justify="left" valign="middle" font-family="Times New Roman" font-style="normal" font-size="5.9793" font-weight="bold">4</words>
    </direction-type>
    <voice>1</voice>
    <staff>1</staff>
   </direction>
   <note color="#000000" default-x="127" default-y="-25">
    <pitch>
     <step>A</step>
     <octave>5</octave>
    </pitch>
    <duration>128</duration>
    <instrument id="P1-I1" />
    <voice>1</voice>
    <type>eighth</type>
    <stem>down</stem>
    <staff>1</staff>
   </note>
   <direction>
    <direction-type>
     <words default-x="168" default-y="16" justify="left" valign="middle" font-family="Times New Roman" font-style="normal" font-size="5.9793" font-weight="bold">2</words>
    </direction-type>
    <voice>1</voice>
    <staff>1</staff>
   </direction>
   <note color="#000000" default-x="162" default-y="-35">
    <pitch>
     <step>F</step>
     <octave>5</octave>
    </pitch>
    <duration>256</duration>
    <instrument id="P1-I1" />
    <voice>1</voice>
    <type>quarter</type>
    <stem>down</stem>
    <staff>1</staff>
    <notations>
     <slur color="#000000" type="stop" orientation="over" />
    </notations>
   </note>
   <note color="#000000" default-x="233" default-y="-25">
    <pitch>
     <step>A</step>
     <octave>5</octave>
    </pitch>
    <duration>128</duration>
    <instrument id="P1-I1" />
    <voice>1</voice>
    <type>eighth</type>
    <stem>down</stem>
    <staff>1</staff>
    <notations>
     <slur color="#000000" type="start" orientation="over" />
    </notations>
   </note>
   <backup>
    <duration>768</duration>
   </backup>
   <note color="#000000" default-x="57" default-y="9">
    <pitch>
     <step>C</step>
     <octave>4</octave>
    </pitch>
    <duration>128</duration>
    <instrument id="P1-I1" />
    <voice>2</voice>
    <type>eighth</type>
    <stem>up</stem>
    <staff>2</staff>
    <beam number="1">begin</beam>
   </note>
   <note color="#000000" default-x="92" default-y="9">
    <pitch>
     <step>F</step>
     <octave>4</octave>
    </pitch>
    <duration>128</duration>
    <instrument id="P1-I1" />
    <voice>2</voice>
    <type>eighth</type>
    <stem>up</stem>
    <staff>2</staff>
    <beam number="1">continue</beam>
   </note>
   <note color="#000000" default-x="127" default-y="9">
    <pitch>
     <step>A</step>
     <octave>4</octave>
    </pitch>
    <duration>128</duration>
    <instrument id="P1-I1" />
    <voice>2</voice>
    <type>eighth</type>
    <stem>up</stem>
    <staff>2</staff>
    <beam number="1">end</beam>
   </note>
   <note color="#000000" default-x="162" default-y="9">
    <pitch>
     <step>C</step>
     <octave>4</octave>
    </pitch>
    <duration>128</duration>
    <instrument id="P1-I1" />
    <voice>2</voice>
    <type>eighth</type>
    <stem>up</stem>
    <staff>2</staff>
    <beam number="1">begin</beam>
   </note>
   <note color="#000000" default-x="197" default-y="9">
    <pitch>
     <step>F</step>
     <octave>4</octave>
    </pitch>
    <duration>128</duration>
    <instrument id="P1-I1" />
    <voice>2</voice>
    <type>eighth</type>
    <stem>up</stem>
    <staff>2</staff>
    <beam number="1">continue</beam>
   </note>
   <note color="#000000" default-x="233" default-y="9">
    <pitch>
     <step>A</step>
     <octave>4</octave>
    </pitch>
    <duration>128</duration>
    <instrument id="P1-I1" />
    <voice>2</voice>
    <type>eighth</type>
    <stem>up</stem>
    <staff>2</staff>
    <beam number="1">end</beam>
   </note>
  </measure>
  <!--============== Part: P1, Measure: 7 ==============-->
  <measure number="7" width="225">
   <attributes />
   <direction>
    <direction-type>
     <words default-x="19" default-y="15" justify="left" valign="middle" font-family="Times New Roman" font-style="normal" font-size="5.9793" font-weight="bold">3</words>
    </direction-type>
    <voice>1</voice>
    <staff>1</staff>
   </direction>
   <note color="#000000" default-x="15" default-y="-30">
    <pitch>
     <step>G</step>
     <octave>5</octave>
    </pitch>
    <duration>256</duration>
    <instrument id="P1-I1" />
    <voice>1</voice>
    <type>quarter</type>
    <stem>down</stem>
    <staff>1</staff>
   </note>
   <direction>
    <direction-type>
     <words default-x="89" default-y="15" justify="left" valign="middle" font-family="Times New Roman" font-style="normal" font-size="5.9793" font-weight="bold">1</words>
    </direction-type>
    <voice>1</voice>
    <staff>1</staff>
   </direction>
   <note color="#000000" default-x="85" default-y="-40">
    <pitch>
     <step>E</step>
     <octave>5</octave>
    </pitch>
    <duration>128</duration>
    <instrument id="P1-I1" />
    <voice>1</voice>
    <type>eighth</type>
    <stem>down</stem>
    <staff>1</staff>
   </note>
   <direction>
    <direction-type>
     <words default-x="124" default-y="15" justify="left" valign="middle" font-family="Times New Roman" font-style="normal" font-size="5.9793" font-weight="bold">5</words>
    </direction-type>
    <voice>1</voice>
    <staff>1</staff>
   </direction>
   <note color="#000000" default-x="120" default-y="-39">
    <pitch>
     <step>G</step>
     <octave>5</octave>
    </pitch>
    <duration>128</duration>
    <instrument id="P1-I1" />
    <voice>1</voice>
    <type>eighth</type>
    <stem>down</stem>
    <staff>1</staff>
    <beam number="1">begin</beam>
   </note>
   <direction>
    <direction-type>
     <words default-x="159" default-y="12" justify="left" valign="middle" font-family="Times New Roman" font-style="normal" font-size="5.9793" font-weight="bold">4</words>
    </direction-type>
    <voice>1</voice>
    <staff>1</staff>
   </direction>
   <note color="#000000" default-x="155" default-y="-39">
    <pitch>
     <step>F</step>
     <octave>5</octave>
    </pitch>
    <duration>128</duration>
    <instrument id="P1-I1" />
    <voice>1</voice>
    <type>eighth</type>
    <stem>down</stem>
    <staff>1</staff>
    <beam number="1">continue</beam>
   </note>
   <direction>
    <direction-type>
     <words default-x="191" default-y="5" justify="left" valign="middle" font-family="Times New Roman" font-style="normal" font-size="5.9793" font-weight="bold">2</words>
    </direction-type>
    <voice>1</voice>
    <staff>1</staff>
   </direction>
   <note color="#000000" default-x="190" default-y="-39">
    <pitch>
     <step>D</step>
     <octave>5</octave>
    </pitch>
    <duration>128</duration>
    <instrument id="P1-I1" />
    <voice>1</voice>
    <type>eighth</type>
    <stem>down</stem>
    <staff>1</staff>
    <beam number="1">end</beam>
   </note>
   <backup>
    <duration>768</duration>
   </backup>
   <note color="#000000" default-x="15">
    <pitch>
     <step>C</step>
     <octave>4</octave>
    </pitch>
    <duration>128</duration>
    <instrument id="P1-I1" />
    <voice>2</voice>
    <type>eighth</type>
    <stem>up</stem>
    <staff>2</staff>
    <beam number="1">begin</beam>
   </note>
   <note color="#000000" default-x="50">
    <pitch>
     <step>E</step>
     <octave>4</octave>
    </pitch>
    <duration>128</duration>
    <instrument id="P1-I1" />
    <voice>2</voice>
    <type>eighth</type>
    <stem>up</stem>
    <staff>2</staff>
    <beam number="1">continue</beam>
   </note>
   <note color="#000000" default-x="85">
    <pitch>
     <step>G</step>
     <octave>4</octave>
    </pitch>
    <duration>128</duration>
    <instrument id="P1-I1" />
    <voice>2</voice>
    <type>eighth</type>
    <stem>up</stem>
    <staff>2</staff>
    <beam number="1">end</beam>
   </note>
   <note color="#000000" default-x="120">
    <pitch>
     <step>B</step>
     <octave>3</octave>
    </pitch>
    <duration>128</duration>
    <instrument id="P1-I1" />
    <voice>2</voice>
    <type>eighth</type>
    <stem>up</stem>
    <staff>2</staff>
    <beam number="1">begin</beam>
   </note>
   <note color="#000000" default-x="155">
    <pitch>
     <step>F</step>
     <octave>4</octave>
    </pitch>
    <duration>128</duration>
    <instrument id="P1-I1" />
    <voice>2</voice>
    <type>eighth</type>
    <stem>up</stem>
    <staff>2</staff>
    <beam number="1">continue</beam>
   </note>
   <note color="#000000" default-x="190">
    <pitch>
     <step>G</step>
     <octave>4</octave>
    </pitch>
    <duration>128</duration>
    <instrument id="P1-I1" />
    <voice>2</voice>
    <type>eighth</type>
    <stem>up</stem>
    <staff>2</staff>
    <beam number="1">end</beam>
   </note>
  </measure>
  <!--============== Part: P1, Measure: 8 ==============-->
  <measure number="8" width="248">
   <attributes />
   <direction>
    <direction-type>
     <words default-x="19" default-y="3" justify="left" valign="middle" font-family="Times New Roman" font-style="normal" font-size="5.9793" font-weight="bold">1</words>
    </direction-type>
    <voice>1</voice>
    <staff>1</staff>
   </direction>
   <note color="#000000" default-x="15" default-y="-50">
    <pitch>
     <step>C</step>
     <octave>5</octave>
    </pitch>
    <duration>256</duration>
    <instrument id="P1-I1" />
    <voice>1</voice>
    <type>quarter</type>
    <stem>down</stem>
    <staff>1</staff>
    <notations>
     <slur color="#000000" type="stop" orientation="over" />
    </notations>
   </note>
   <note color="#000000" default-x="85" default-y="-50">
    <pitch>
     <step>C</step>
     <octave>5</octave>
    </pitch>
    <duration>128</duration>
    <instrument id="P1-I1" />
    <voice>1</voice>
    <type>eighth</type>
    <stem>down</stem>
    <staff>1</staff>
   </note>
   <note color="#000000" default-x="120" default-y="-50">
    <pitch>
     <step>C</step>
     <octave>5</octave>
    </pitch>
    <duration>384</duration>
    <instrument id="P1-I1" />
    <voice>1</voice>
    <type>quarter</type>
    <dot />
    <stem>down</stem>
    <staff>1</staff>
   </note>
   <barline location="right">
    <bar-style>light-heavy</bar-style>
    <repeat direction="backward" />
   </barline>
   <backup>
    <duration>768</duration>
   </backup>
   <note color="#000000" default-x="15">
    <pitch>
     <step>C</step>
     <octave>4</octave>
    </pitch>
    <duration>128</duration>
    <instrument id="P1-I1" />
    <voice>2</voice>
    <type>eighth</type>
    <stem>up</stem>
    <staff>2</staff>
    <beam number="1">begin</beam>
   </note>
   <note color="#000000" default-x="50">
    <pitch>
     <step>E</step>
     <octave>4</octave>
    </pitch>
    <duration>128</duration>
    <instrument id="P1-I1" />
    <voice>2</voice>
    <type>eighth</type>
    <stem>up</stem>
    <staff>2</staff>
    <beam number="1">continue</beam>
   </note>
   <note color="#000000" default-x="85">
    <pitch>
     <step>G</step>
     <octave>4</octave>
    </pitch>
    <duration>128</duration>
    <instrument id="P1-I1" />
    <voice>2</voice>
    <type>eighth</type>
    <stem>up</stem>
    <staff>2</staff>
    <beam number="1">end</beam>
   </note>
   <note color="#000000" default-x="120">
    <pitch>
     <step>C</step>
     <octave>4</octave>
    </pitch>
    <duration>128</duration>
    <instrument id="P1-I1" />
    <voice>2</voice>
    <type>eighth</type>
    <stem>up</stem>
    <staff>2</staff>
    <beam number="1">begin</beam>
   </note>
   <note color="#000000" default-x="155">
    <pitch>
     <step>E</step>
     <octave>4</octave>
    </pitch>
    <duration>128</duration>
    <instrument id="P1-I1" />
    <voice>2</voice>
    <type>eighth</type>
    <stem>up</stem>
    <staff>2</staff>
    <beam number="1">continue</beam>
   </note>
   <note color="#000000" default-x="190">
    <pitch>
     <step>G</step>
     <octave>4</octave>
    </pitch>
    <duration>128</duration>
    <instrument id="P1-I1" />
    <voice>2</voice>
    <type>eighth</type>
    <stem>up</stem>
    <staff>2</staff>
    <beam number="1">end</beam>
   </note>
  </measure>
  <!--============== Part: P1, Measure: 9 ==============-->
  <measure number="9" width="238">
   <attributes />
   <barline location="left">
    <bar-style>heavy-light</bar-style>
    <repeat direction="forward" />
   </barline>
   <direction>
    <direction-type>
     <words default-x="31" default-y="15" justify="left" valign="middle" font-family="Times New Roman" font-style="normal" font-size="5.9793" font-weight="bold">2</words>
    </direction-type>
    <voice>1</voice>
    <staff>1</staff>
   </direction>
   <note color="#000000" default-x="27" default-y="-42">
    <pitch>
     <step>D</step>
     <octave>5</octave>
    </pitch>
    <duration>128</duration>
    <instrument id="P1-I1" />
    <voice>1</voice>
    <type>eighth</type>
    <stem>down</stem>
    <staff>1</staff>
    <beam number="1">begin</beam>
    <notations>
     <slur color="#000000" type="start" orientation="over" />
    </notations>
   </note>
   <note color="#000000" default-x="62" default-y="-42">
    <pitch>
     <step>E</step>
     <octave>5</octave>
    </pitch>
    <duration>128</duration>
    <instrument id="P1-I1" />
    <voice>1</voice>
    <type>eighth</type>
    <stem>down</stem>
    <staff>1</staff>
    <beam number="1">continue</beam>
   </note>
   <note color="#000000" default-x="97" default-y="-42">
    <pitch>
     <step>F</step>
     <octave>5</octave>
    </pitch>
    <duration>128</duration>
    <instrument id="P1-I1" />
    <voice>1</voice>
    <type>eighth</type>
    <stem>down</stem>
    <staff>1</staff>
    <beam number="1">end</beam>
   </note>
   <note color="#000000" default-x="133" default-y="-39">
    <pitch>
     <step>F</step>
     <octave>5</octave>
    </pitch>
    <duration>128</duration>
    <instrument id="P1-I1" />
    <voice>1</voice>
    <type>eighth</type>
    <stem>down</stem>
    <staff>1</staff>
    <beam number="1">begin</beam>
   </note>
   <note color="#000000" default-x="168" default-y="-39">
    <pitch>
     <step>E</step>
     <octave>5</octave>
    </pitch>
    <duration>128</duration>
    <instrument id="P1-I1" />
    <voice>1</voice>
    <type>eighth</type>
    <stem>down</stem>
    <staff>1</staff>
    <beam number="1">continue</beam>
   </note>
   <note color="#000000" default-x="203" default-y="-39">
    <pitch>
     <step>D</step>
     <octave>5</octave>
    </pitch>
    <duration>128</duration>
    <instrument id="P1-I1" />
    <voice>1</voice>
    <type>eighth</type>
    <stem>down</stem>
    <staff>1</staff>
    <beam number="1">end</beam>
   </note>
   <backup>
    <duration>768</duration>
   </backup>
   <direction>
    <direction-type>
     <words default-x="31" default-y="-72" justify="left" valign="middle" font-family="Times New Roman" font-style="normal" font-size="5.9793" font-weight="bold">5</words>
    </direction-type>
    <voice>2</voice>
    <staff>2</staff>
   </direction>
   <note color="#000000" default-x="27">
    <pitch>
     <step>B</step>
     <octave>3</octave>
    </pitch>
    <duration>128</duration>
    <instrument id="P1-I1" />
    <voice>2</voice>
    <type>eighth</type>
    <stem>up</stem>
    <staff>2</staff>
    <beam number="1">begin</beam>
   </note>
   <direction>
    <direction-type>
     <words default-x="66" default-y="-71" justify="left" valign="middle" font-family="Times New Roman" font-style="normal" font-size="5.9793" font-weight="bold">3</words>
    </direction-type>
    <voice>2</voice>
    <staff>2</staff>
   </direction>
   <note color="#000000" default-x="62">
    <pitch>
     <step>D</step>
     <octave>4</octave>
    </pitch>
    <duration>128</duration>
    <instrument id="P1-I1" />
    <voice>2</voice>
    <type>eighth</type>
    <stem>up</stem>
    <staff>2</staff>
    <beam number="1">continue</beam>
   </note>
   <note color="#000000" default-x="97">
    <pitch>
     <step>G</step>
     <octave>4</octave>
    </pitch>
    <duration>128</duration>
    <instrument id="P1-I1" />
    <voice>2</voice>
    <type>eighth</type>
    <stem>up</stem>
    <staff>2</staff>
    <beam number="1">end</beam>
   </note>
   <note color="#000000" default-x="133">
    <pitch>
     <step>B</step>
     <octave>3</octave>
    </pitch>
    <duration>128</duration>
    <instrument id="P1-I1" />
    <voice>2</voice>
    <type>eighth</type>
    <stem>up</stem>
    <staff>2</staff>
    <beam number="1">begin</beam>
   </note>
   <note color="#000000" default-x="168">
    <pitch>
     <step>D</step>
     <octave>4</octave>
    </pitch>
    <duration>128</duration>
    <instrument id="P1-I1" />
    <voice>2</voice>
    <type>eighth</type>
    <stem>up</stem>
    <staff>2</staff>
    <beam number="1">continue</beam>
   </note>
   <note color="#000000" default-x="203">
    <pitch>
     <step>G</step>
     <octave>4</octave>
    </pitch>
    <duration>128</duration>
    <instrument id="P1-I1" />
    <voice>2</voice>
    <type>eighth</type>
    <stem>up</stem>
    <staff>2</staff>
    <beam number="1">end</beam>
   </note>
  </measure>
  <!--============== Part: P1, Measure: 10 ==============-->
  <measure number="10" width="225">
   <attributes />
   <direction>
    <direction-type>
     <words default-x="19" default-y="10" justify="left" valign="middle" font-family="Times New Roman" font-style="normal" font-size="5.9793" font-weight="bold">3</words>
    </direction-type>
    <voice>1</voice>
    <staff>1</staff>
   </direction>
   <note color="#000000" default-x="15" default-y="-34">
    <pitch>
     <step>E</step>
     <octave>5</octave>
    </pitch>
    <duration>128</duration>
    <instrument id="P1-I1" />
    <voice>1</voice>
    <type>eighth</type>
    <stem>down</stem>
    <staff>1</staff>
    <beam number="1">begin</beam>
   </note>
   <note color="#000000" default-x="50" default-y="-34">
    <pitch>
     <step>F</step>
     <octave>5</octave>
    </pitch>
    <duration>128</duration>
    <instrument id="P1-I1" />
    <voice>1</voice>
    <type>eighth</type>
    <stem>down</stem>
    <staff>1</staff>
    <beam number="1">continue</beam>
   </note>
   <note color="#000000" default-x="85" default-y="-34">
    <pitch>
     <step>G</step>
     <octave>5</octave>
    </pitch>
    <duration>128</duration>
    <instrument id="P1-I1" />
    <voice>1</voice>
    <type>eighth</type>
    <stem>down</stem>
    <staff>1</staff>
    <beam number="1">end</beam>
   </note>
   <note color="#000000" default-x="120" default-y="-30">
    <pitch>
     <step>G</step>
     <octave>5</octave>
    </pitch>
    <duration>384</duration>
    <instrument id="P1-I1" />
    <voice>1</voice>
    <type>quarter</type>
    <dot />
    <stem>down</stem>
    <staff>1</staff>
    <notations>
     <slur color="#000000" type="stop" orientation="over" />
    </notations>
   </note>
   <backup>
    <duration>768</duration>
   </backup>
   <direction>
    <direction-type>
     <words default-x="19" default-y="-71" justify="left" valign="middle" font-family="Times New Roman" font-style="normal" font-size="5.9793" font-weight="bold">4</words>
    </direction-type>
    <voice>2</voice>
    <staff>2</staff>
   </direction>
   <note color="#000000" default-x="15">
    <pitch>
     <step>C</step>
     <octave>4</octave>
    </pitch>
    <duration>128</duration>
    <instrument id="P1-I1" />
    <voice>2</voice>
    <type>eighth</type>
    <stem>up</stem>
    <staff>2</staff>
    <beam number="1">begin</beam>
   </note>
   <note color="#000000" default-x="50">
    <pitch>
     <step>E</step>
     <octave>4</octave>
    </pitch>
    <duration>128</duration>
    <instrument id="P1-I1" />
    <voice>2</voice>
    <type>eighth</type>
    <stem>up</stem>
    <staff>2</staff>
    <beam number="1">continue</beam>
   </note>
   <note color="#000000" default-x="85">
    <pitch>
     <step>G</step>
     <octave>4</octave>
    </pitch>
    <duration>128</duration>
    <instrument id="P1-I1" />
    <voice>2</voice>
    <type>eighth</type>
    <stem>up</stem>
    <staff>2</staff>
    <beam number="1">end</beam>
   </note>
   <note color="#000000" default-x="120">
    <pitch>
     <step>C</step>
     <octave>4</octave>
    </pitch>
    <duration>128</duration>
    <instrument id="P1-I1" />
    <voice>2</voice>
    <type>eighth</type>
    <stem>up</stem>
    <staff>2</staff>
    <beam number="1">begin</beam>
   </note>
   <note color="#000000" default-x="155">
    <pitch>
     <step>E</step>
     <octave>4</octave>
    </pitch>
    <duration>128</duration>
    <instrument id="P1-I1" />
    <voice>2</voice>
    <type>eighth</type>
    <stem>up</stem>
    <staff>2</staff>
    <beam number="1">continue</beam>
   </note>
   <note color="#000000" default-x="190">
    <pitch>
     <step>G</step>
     <octave>4</octave>
    </pitch>
    <duration>128</duration>
    <instrument id="P1-I1" />
    <voice>2</voice>
    <type>eighth</type>
    <stem>up</stem>
    <staff>2</staff>
    <beam number="1">end</beam>
   </note>
  </measure>
  <!--============== Part: P1, Measure: 11 ==============-->
  <measure number="11" width="238">
   <print new-system="yes">
    <system-layout>
     <system-margins>
      <left-margin>64</left-margin>
      <right-margin>0</right-margin>
     </system-margins>
     <system-distance>140</system-distance>
    </system-layout>
    <staff-layout number="2">
     <staff-distance>55</staff-distance>
    </staff-layout>
   </print>
   <attributes>
    <staff-details number="1" print-object="yes" />
    <staff-details number="2" print-object="yes" />
   </attributes>
   <note color="#000000" default-x="57" default-y="-42">
    <pitch>
     <step>D</step>
     <octave>5</octave>
    </pitch>
    <duration>128</duration>
    <instrument id="P1-I1" />
    <voice>1</voice>
    <type>eighth</type>
    <stem>down</stem>
    <staff>1</staff>
    <beam number="1">begin</beam>
    <notations>
     <slur color="#000000" type="start" orientation="over" />
    </notations>
   </note>
   <note color="#000000" default-x="87" default-y="-42">
    <pitch>
     <step>E</step>
     <octave>5</octave>
    </pitch>
    <duration>128</duration>
    <instrument id="P1-I1" />
    <voice>1</voice>
    <type>eighth</type>
    <stem>down</stem>
    <staff>1</staff>
    <beam number="1">continue</beam>
   </note>
   <note color="#000000" default-x="117" default-y="-42">
    <pitch>
     <step>F</step>
     <octave>5</octave>
    </pitch>
    <duration>128</duration>
    <instrument id="P1-I1" />
    <voice>1</voice>
    <type>eighth</type>
    <stem>down</stem>
    <staff>1</staff>
    <beam number="1">end</beam>
   </note>
   <note color="#000000" default-x="147" default-y="-39">
    <pitch>
     <step>F</step>
     <octave>5</octave>
    </pitch>
    <duration>128</duration>
    <instrument id="P1-I1" />
    <voice>1</voice>
    <type>eighth</type>
    <stem>down</stem>
    <staff>1</staff>
    <beam number="1">begin</beam>
   </note>
   <note color="#000000" default-x="178" default-y="-39">
    <pitch>
     <step>E</step>
     <octave>5</octave>
    </pitch>
    <duration>128</duration>
    <instrument id="P1-I1" />
    <voice>1</voice>
    <type>eighth</type>
    <stem>down</stem>
    <staff>1</staff>
    <beam number="1">continue</beam>
   </note>
   <note color="#000000" default-x="208" default-y="-39">
    <pitch>
     <step>D</step>
     <octave>5</octave>
    </pitch>
    <duration>128</duration>
    <instrument id="P1-I1" />
    <voice>1</voice>
    <type>eighth</type>
    <stem>down</stem>
    <staff>1</staff>
    <beam number="1">end</beam>
   </note>
   <backup>
    <duration>768</duration>
   </backup>
   <note color="#000000" default-x="57">
    <pitch>
     <step>B</step>
     <octave>3</octave>
    </pitch>
    <duration>128</duration>
    <instrument id="P1-I1" />
    <voice>2</voice>
    <type>eighth</type>
    <stem>up</stem>
    <staff>2</staff>
    <beam number="1">begin</beam>
   </note>
   <note color="#000000" default-x="87">
    <pitch>
     <step>D</step>
     <octave>4</octave>
    </pitch>
    <duration>128</duration>
    <instrument id="P1-I1" />
    <voice>2</voice>
    <type>eighth</type>
    <stem>up</stem>
    <staff>2</staff>
    <beam number="1">continue</beam>
   </note>
   <note color="#000000" default-x="117">
    <pitch>
     <step>G</step>
     <octave>4</octave>
    </pitch>
    <duration>128</duration>
    <instrument id="P1-I1" />
    <voice>2</voice>
    <type>eighth</type>
    <stem>up</stem>
    <staff>2</staff>
    <beam number="1">end</beam>
   </note>
   <note color="#000000" default-x="147">
    <pitch>
     <step>B</step>
     <octave>3</octave>
    </pitch>
    <duration>128</duration>
    <instrument id="P1-I1" />
    <voice>2</voice>
    <type>eighth</type>
    <stem>up</stem>
    <staff>2</staff>
    <beam number="1">begin</beam>
   </note>
   <note color="#000000" default-x="178">
    <pitch>
     <step>D</step>
     <octave>4</octave>
    </pitch>
    <duration>128</duration>
    <instrument id="P1-I1" />
    <voice>2</voice>
    <type>eighth</type>
    <stem>up</stem>
    <staff>2</staff>
    <beam number="1">continue</beam>
   </note>
   <note color="#000000" default-x="208">
    <pitch>
     <step>G</step>
     <octave>4</octave>
    </pitch>
    <duration>128</duration>
    <instrument id="P1-I1" />
    <voice>2</voice>
    <type>eighth</type>
    <stem>up</stem>
    <staff>2</staff>
    <beam number="1">end</beam>
   </note>
  </measure>
  <!--============== Part: P1, Measure: 12 ==============-->
  <measure number="12" width="195">
   <attributes />
   <note color="#000000" default-x="15" default-y="-34">
    <pitch>
     <step>E</step>
     <octave>5</octave>
    </pitch>
    <duration>128</duration>
    <instrument id="P1-I1" />
    <voice>1</voice>
    <type>eighth</type>
    <stem>down</stem>
    <staff>1</staff>
    <beam number="1">begin</beam>
   </note>
   <note color="#000000" default-x="45" default-y="-34">
    <pitch>
     <step>F</step>
     <octave>5</octave>
    </pitch>
    <duration>128</duration>
    <instrument id="P1-I1" />
    <voice>1</voice>
    <type>eighth</type>
    <stem>down</stem>
    <staff>1</staff>
    <beam number="1">continue</beam>
   </note>
   <note color="#000000" default-x="75" default-y="-34">
    <pitch>
     <step>G</step>
     <octave>5</octave>
    </pitch>
    <duration>128</duration>
    <instrument id="P1-I1" />
    <voice>1</voice>
    <type>eighth</type>
    <stem>down</stem>
    <staff>1</staff>
    <beam number="1">end</beam>
   </note>
   <note color="#000000" default-x="105" default-y="-30">
    <pitch>
     <step>G</step>
     <octave>5</octave>
    </pitch>
    <duration>384</duration>
    <instrument id="P1-I1" />
    <voice>1</voice>
    <type>quarter</type>
    <dot />
    <stem>down</stem>
    <staff>1</staff>
    <notations>
     <slur color="#000000" type="stop" orientation="over" />
    </notations>
   </note>
   <backup>
    <duration>768</duration>
   </backup>
   <note color="#000000" default-x="15">
    <pitch>
     <step>C</step>
     <octave>4</octave>
    </pitch>
    <duration>128</duration>
    <instrument id="P1-I1" />
    <voice>2</voice>
    <type>eighth</type>
    <stem>up</stem>
    <staff>2</staff>
    <beam number="1">begin</beam>
   </note>
   <note color="#000000" default-x="45">
    <pitch>
     <step>E</step>
     <octave>4</octave>
    </pitch>
    <duration>128</duration>
    <instrument id="P1-I1" />
    <voice>2</voice>
    <type>eighth</type>
    <stem>up</stem>
    <staff>2</staff>
    <beam number="1">continue</beam>
   </note>
   <note color="#000000" default-x="75">
    <pitch>
     <step>G</step>
     <octave>4</octave>
    </pitch>
    <duration>128</duration>
    <instrument id="P1-I1" />
    <voice>2</voice>
    <type>eighth</type>
    <stem>up</stem>
    <staff>2</staff>
    <beam number="1">end</beam>
   </note>
   <note color="#000000" default-x="105">
    <pitch>
     <step>C</step>
     <octave>4</octave>
    </pitch>
    <duration>128</duration>
    <instrument id="P1-I1" />
    <voice>2</voice>
    <type>eighth</type>
    <stem>up</stem>
    <staff>2</staff>
    <beam number="1">begin</beam>
   </note>
   <note color="#000000" default-x="135">
    <pitch>
     <step>E</step>
     <octave>4</octave>
    </pitch>
    <duration>128</duration>
    <instrument id="P1-I1" />
    <voice>2</voice>
    <type>eighth</type>
    <stem>up</stem>
    <staff>2</staff>
    <beam number="1">continue</beam>
   </note>
   <note color="#000000" default-x="165">
    <pitch>
     <step>G</step>
     <octave>4</octave>
    </pitch>
    <duration>128</duration>
    <instrument id="P1-I1" />
    <voice>2</voice>
    <type>eighth</type>
    <stem>up</stem>
    <staff>2</staff>
    <beam number="1">end</beam>
   </note>
  </measure>
  <!--============== Part: P1, Measure: 13 ==============-->
  <measure number="13" width="195">
   <attributes />
   <note color="#000000" default-x="15" default-y="-50">
    <pitch>
     <step>C</step>
     <octave>5</octave>
    </pitch>
    <duration>256</duration>
    <instrument id="P1-I1" />
    <voice>1</voice>
    <type>quarter</type>
    <stem>down</stem>
    <staff>1</staff>
    <notations>
     <slur color="#000000" type="start" orientation="over" />
    </notations>
   </note>
   <note color="#000000" default-x="75" default-y="-40">
    <pitch>
     <step>E</step>
     <octave>5</octave>
    </pitch>
    <duration>128</duration>
    <instrument id="P1-I1" />
    <voice>1</voice>
    <type>eighth</type>
    <stem>down</stem>
    <staff>1</staff>
   </note>
   <note color="#000000" default-x="105" default-y="-30">
    <pitch>
     <step>G</step>
     <octave>5</octave>
    </pitch>
    <duration>256</duration>
    <instrument id="P1-I1" />
    <voice>1</voice>
    <type>quarter</type>
    <stem>down</stem>
    <staff>1</staff>
   </note>
   <note color="#000000" default-x="165" default-y="-20">
    <pitch>
     <step>C</step>
     <octave>6</octave>
    </pitch>
    <duration>128</duration>
    <instrument id="P1-I1" />
    <voice>1</voice>
    <type>eighth</type>
    <stem>down</stem>
    <staff>1</staff>
    <notations>
     <slur color="#000000" type="stop" orientation="over" />
    </notations>
   </note>
   <backup>
    <duration>768</duration>
   </backup>
   <direction>
    <direction-type>
     <words default-x="19" default-y="-71" justify="left" valign="middle" font-family="Times New Roman" font-style="normal" font-size="5.9793" font-weight="bold">4</words>
    </direction-type>
    <voice>2</voice>
    <staff>2</staff>
   </direction>
   <note color="#000000" default-x="15">
    <pitch>
     <step>C</step>
     <octave>4</octave>
    </pitch>
    <duration>128</duration>
    <instrument id="P1-I1" />
    <voice>2</voice>
    <type>eighth</type>
    <stem>up</stem>
    <staff>2</staff>
    <beam number="1">begin</beam>
   </note>
   <note color="#000000" default-x="45">
    <pitch>
     <step>E</step>
     <octave>4</octave>
    </pitch>
    <duration>128</duration>
    <instrument id="P1-I1" />
    <voice>2</voice>
    <type>eighth</type>
    <stem>up</stem>
    <staff>2</staff>
    <beam number="1">continue</beam>
   </note>
   <note color="#000000" default-x="75">
    <pitch>
     <step>G</step>
     <octave>4</octave>
    </pitch>
    <duration>128</duration>
    <instrument id="P1-I1" />
    <voice>2</voice>
    <type>eighth</type>
    <stem>up</stem>
    <staff>2</staff>
    <beam number="1">end</beam>
   </note>
   <note color="#000000" default-x="105">
    <pitch>
     <step>C</step>
     <octave>4</octave>
    </pitch>
    <duration>128</duration>
    <instrument id="P1-I1" />
    <voice>2</voice>
    <type>eighth</type>
    <stem>up</stem>
    <staff>2</staff>
    <beam number="1">begin</beam>
   </note>
   <note color="#000000" default-x="135">
    <pitch>
     <step>E</step>
     <octave>4</octave>
    </pitch>
    <duration>128</duration>
    <instrument id="P1-I1" />
    <voice>2</voice>
    <type>eighth</type>
    <stem>up</stem>
    <staff>2</staff>
    <beam number="1">continue</beam>
   </note>
   <note color="#000000" default-x="165">
    <pitch>
     <step>G</step>
     <octave>4</octave>
    </pitch>
    <duration>128</duration>
    <instrument id="P1-I1" />
    <voice>2</voice>
    <type>eighth</type>
    <stem>up</stem>
    <staff>2</staff>
    <beam number="1">end</beam>
   </note>
  </measure>
  <!--============== Part: P1, Measure: 14 ==============-->
  <measure number="14" width="195">
   <attributes />
   <direction>
    <direction-type>
     <words default-x="13" default-y="27" justify="left" valign="middle" font-family="Times New Roman" font-style="normal" font-size="5.9793" font-weight="bold">5</words>
    </direction-type>
    <voice>1</voice>
    <staff>1</staff>
   </direction>
   <note color="#000000" default-x="15" default-y="-19">
    <pitch>
     <step>C</step>
     <octave>6</octave>
    </pitch>
    <duration>128</duration>
    <instrument id="P1-I1" />
    <voice>1</voice>
    <type>eighth</type>
    <stem>down</stem>
    <staff>1</staff>
    <beam number="1">begin</beam>
    <notations>
     <slur color="#000000" type="start" orientation="over" />
    </notations>
   </note>
   <note color="#000000" default-x="45" default-y="-19">
    <pitch>
     <step>B</step>
     <octave>5</octave>
    </pitch>
    <duration>128</duration>
    <instrument id="P1-I1" />
    <voice>1</voice>
    <type>eighth</type>
    <stem>down</stem>
    <staff>1</staff>
    <beam number="1">continue</beam>
   </note>
   <note color="#000000" default-x="75" default-y="-19">
    <pitch>
     <step>A</step>
     <octave>5</octave>
    </pitch>
    <duration>128</duration>
    <instrument id="P1-I1" />
    <voice>1</voice>
    <type>eighth</type>
    <stem>down</stem>
    <staff>1</staff>
    <beam number="1">end</beam>
   </note>
   <note color="#000000" default-x="105" default-y="-39">
    <pitch>
     <step>G</step>
     <octave>5</octave>
    </pitch>
    <duration>128</duration>
    <instrument id="P1-I1" />
    <voice>1</voice>
    <type>eighth</type>
    <stem>down</stem>
    <staff>1</staff>
    <beam number="1">begin</beam>
   </note>
   <direction>
    <direction-type>
     <words default-x="139" default-y="15" justify="left" valign="middle" font-family="Times New Roman" font-style="normal" font-size="5.9793" font-weight="bold">1</words>
    </direction-type>
    <voice>1</voice>
    <staff>1</staff>
   </direction>
   <note color="#000000" default-x="135" default-y="-39">
    <pitch>
     <step>F</step>
     <octave>5</octave>
    </pitch>
    <duration>128</duration>
    <instrument id="P1-I1" />
    <voice>1</voice>
    <type>eighth</type>
    <stem>down</stem>
    <staff>1</staff>
    <beam number="1">continue</beam>
   </note>
   <direction>
    <direction-type>
     <words default-x="169" default-y="13" justify="left" valign="middle" font-family="Times New Roman" font-style="normal" font-size="5.9793" font-weight="bold">3</words>
    </direction-type>
    <voice>1</voice>
    <staff>1</staff>
   </direction>
   <note color="#000000" default-x="165" default-y="-39">
    <pitch>
     <step>E</step>
     <octave>5</octave>
    </pitch>
    <duration>128</duration>
    <instrument id="P1-I1" />
    <voice>1</voice>
    <type>eighth</type>
    <stem>down</stem>
    <staff>1</staff>
    <beam number="1">end</beam>
   </note>
   <backup>
    <duration>768</duration>
   </backup>
   <note color="#000000" default-x="15">
    <pitch>
     <step>C</step>
     <octave>4</octave>
    </pitch>
    <duration>128</duration>
    <instrument id="P1-I1" />
    <voice>2</voice>
    <type>eighth</type>
    <stem>up</stem>
    <staff>2</staff>
    <beam number="1">begin</beam>
   </note>
   <note color="#000000" default-x="45">
    <pitch>
     <step>E</step>
     <octave>4</octave>
    </pitch>
    <duration>128</duration>
    <instrument id="P1-I1" />
    <voice>2</voice>
    <type>eighth</type>
    <stem>up</stem>
    <staff>2</staff>
    <beam number="1">continue</beam>
   </note>
   <note color="#000000" default-x="75">
    <pitch>
     <step>G</step>
     <octave>4</octave>
    </pitch>
    <duration>128</duration>
    <instrument id="P1-I1" />
    <voice>2</voice>
    <type>eighth</type>
    <stem>up</stem>
    <staff>2</staff>
    <beam number="1">end</beam>
   </note>
   <note color="#000000" default-x="105">
    <pitch>
     <step>C</step>
     <octave>4</octave>
    </pitch>
    <duration>128</duration>
    <instrument id="P1-I1" />
    <voice>2</voice>
    <type>eighth</type>
    <stem>up</stem>
    <staff>2</staff>
    <beam number="1">begin</beam>
   </note>
   <note color="#000000" default-x="135">
    <pitch>
     <step>E</step>
     <octave>4</octave>
    </pitch>
    <duration>128</duration>
    <instrument id="P1-I1" />
    <voice>2</voice>
    <type>eighth</type>
    <stem>up</stem>
    <staff>2</staff>
    <beam number="1">continue</beam>
   </note>
   <note color="#000000" default-x="165">
    <pitch>
     <step>G</step>
     <octave>4</octave>
    </pitch>
    <duration>128</duration>
    <instrument id="P1-I1" />
    <voice>2</voice>
    <type>eighth</type>
    <stem>up</stem>
    <staff>2</staff>
    <beam number="1">end</beam>
   </note>
  </measure>
  <!--============== Part: P1, Measure: 15 ==============-->
  <measure number="15" width="195">
   <attributes />
   <direction>
    <direction-type>
     <words default-x="18" default-y="22" justify="left" valign="middle" font-family="Times New Roman" font-style="normal" font-size="5.9793" font-weight="bold">5</words>
    </direction-type>
    <voice>1</voice>
    <staff>1</staff>
   </direction>
   <note color="#000000" default-x="15" default-y="-30">
    <pitch>
     <step>G</step>
     <octave>5</octave>
    </pitch>
    <duration>256</duration>
    <instrument id="P1-I1" />
    <voice>1</voice>
    <type>quarter</type>
    <stem>down</stem>
    <staff>1</staff>
    <notations>
     <slur color="#000000" type="stop" orientation="over" />
     <slur color="#000000" type="start" orientation="over" number="2" />
    </notations>
   </note>
   <direction>
    <direction-type>
     <words default-x="79" default-y="10" justify="left" valign="middle" font-family="Times New Roman" font-style="normal" font-size="5.9793" font-weight="bold">3</words>
    </direction-type>
    <voice>1</voice>
    <staff>1</staff>
   </direction>
   <note color="#000000" default-x="75" default-y="-40">
    <pitch>
     <step>E</step>
     <octave>5</octave>
    </pitch>
    <duration>128</duration>
    <instrument id="P1-I1" />
    <voice>1</voice>
    <type>eighth</type>
    <stem>down</stem>
    <staff>1</staff>
   </note>
   <direction>
    <direction-type>
     <words default-x="109" default-y="7" justify="left" valign="middle" font-family="Times New Roman" font-style="normal" font-size="5.9793" font-weight="bold">4</words>
    </direction-type>
    <voice>1</voice>
    <staff>1</staff>
   </direction>
   <note color="#000000" default-x="105" default-y="-35">
    <pitch>
     <step>F</step>
     <octave>5</octave>
    </pitch>
    <duration>256</duration>
    <instrument id="P1-I1" />
    <voice>1</voice>
    <type>quarter</type>
    <stem>down</stem>
    <staff>1</staff>
   </note>
   <direction>
    <direction-type>
     <words default-x="162" default-y="4" justify="left" valign="middle" font-family="Times New Roman" font-style="normal" font-size="5.9793" font-weight="bold">2</words>
    </direction-type>
    <voice>1</voice>
    <staff>1</staff>
   </direction>
   <note color="#000000" default-x="165" default-y="-45">
    <pitch>
     <step>D</step>
     <octave>5</octave>
    </pitch>
    <duration>128</duration>
    <instrument id="P1-I1" />
    <voice>1</voice>
    <type>eighth</type>
    <stem>down</stem>
    <staff>1</staff>
   </note>
   <backup>
    <duration>768</duration>
   </backup>
   <direction>
    <direction-type>
     <words default-x="19" default-y="-82" justify="left" valign="middle" font-family="Times New Roman" font-style="normal" font-size="5.9793" font-weight="bold">5</words>
    </direction-type>
    <voice>2</voice>
    <staff>2</staff>
   </direction>
   <note color="#000000" default-x="15" default-y="-10">
    <pitch>
     <step>G</step>
     <octave>3</octave>
    </pitch>
    <duration>128</duration>
    <instrument id="P1-I1" />
    <voice>2</voice>
    <type>eighth</type>
    <stem>up</stem>
    <staff>2</staff>
    <beam number="1">begin</beam>
   </note>
   <direction>
    <direction-type>
     <words default-x="49" default-y="-71" justify="left" valign="middle" font-family="Times New Roman" font-style="normal" font-size="5.9793" font-weight="bold">2</words>
    </direction-type>
    <voice>2</voice>
    <staff>2</staff>
   </direction>
   <note color="#000000" default-x="45" default-y="-10">
    <pitch>
     <step>C</step>
     <octave>4</octave>
    </pitch>
    <duration>128</duration>
    <instrument id="P1-I1" />
    <voice>2</voice>
    <type>eighth</type>
    <stem>up</stem>
    <staff>2</staff>
    <beam number="1">continue</beam>
   </note>
   <note color="#000000" default-x="75" default-y="-10">
    <pitch>
     <step>E</step>
     <octave>4</octave>
    </pitch>
    <duration>128</duration>
    <instrument id="P1-I1" />
    <voice>2</voice>
    <type>eighth</type>
    <stem>up</stem>
    <staff>2</staff>
    <beam number="1">end</beam>
   </note>
   <note color="#000000" default-x="105">
    <pitch>
     <step>G</step>
     <octave>3</octave>
    </pitch>
    <duration>128</duration>
    <instrument id="P1-I1" />
    <voice>2</voice>
    <type>eighth</type>
    <stem>up</stem>
    <staff>2</staff>
    <beam number="1">begin</beam>
   </note>
   <direction>
    <direction-type>
     <words default-x="139" default-y="-72" justify="left" valign="middle" font-family="Times New Roman" font-style="normal" font-size="5.9793" font-weight="bold">3</words>
    </direction-type>
    <voice>2</voice>
    <staff>2</staff>
   </direction>
   <note color="#000000" default-x="135">
    <pitch>
     <step>B</step>
     <octave>3</octave>
    </pitch>
    <duration>128</duration>
    <instrument id="P1-I1" />
    <voice>2</voice>
    <type>eighth</type>
    <stem>up</stem>
    <staff>2</staff>
    <beam number="1">continue</beam>
   </note>
   <note color="#000000" default-x="165">
    <pitch>
     <step>F</step>
     <octave>4</octave>
    </pitch>
    <duration>128</duration>
    <instrument id="P1-I1" />
    <voice>2</voice>
    <type>eighth</type>
    <stem>up</stem>
    <staff>2</staff>
    <beam number="1">end</beam>
   </note>
  </measure>
  <!--============== Part: P1, Measure: 16 ==============-->
  <measure number="16" width="184">
   <attributes />
   <direction>
    <direction-type>
     <words default-x="19" default-y="3" justify="left" valign="middle" font-family="Times New Roman" font-style="normal" font-size="5.9793" font-weight="bold">1</words>
    </direction-type>
    <voice>1</voice>
    <staff>1</staff>
   </direction>
   <note color="#000000" default-x="15" default-y="-50">
    <pitch>
     <step>C</step>
     <octave>5</octave>
    </pitch>
    <duration>256</duration>
    <instrument id="P1-I1" />
    <voice>1</voice>
    <type>quarter</type>
    <stem>down</stem>
    <staff>1</staff>
    <notations>
     <slur color="#000000" type="stop" orientation="over" number="2" />
    </notations>
   </note>
   <note color="#000000" default-x="75" default-y="-50">
    <pitch>
     <step>C</step>
     <octave>5</octave>
    </pitch>
    <duration>128</duration>
    <instrument id="P1-I1" />
    <voice>1</voice>
    <type>eighth</type>
    <stem>down</stem>
    <staff>1</staff>
   </note>
   <note color="#000000" default-x="105" default-y="-50">
    <pitch>
     <step>C</step>
     <octave>5</octave>
    </pitch>
    <duration>384</duration>
    <instrument id="P1-I1" />
    <voice>1</voice>
    <type>quarter</type>
    <dot />
    <stem>down</stem>
    <staff>1</staff>
   </note>
   <barline location="right">
    <bar-style>light-heavy</bar-style>
    <repeat direction="backward" />
   </barline>
   <backup>
    <duration>768</duration>
   </backup>
   <direction>
    <direction-type>
     <words default-x="19" default-y="-71" justify="left" valign="middle" font-family="Times New Roman" font-style="normal" font-size="5.9793" font-weight="bold">4</words>
    </direction-type>
    <voice>2</voice>
    <staff>2</staff>
   </direction>
   <note color="#000000" default-x="15">
    <pitch>
     <step>C</step>
     <octave>4</octave>
    </pitch>
    <duration>128</duration>
    <instrument id="P1-I1" />
    <voice>2</voice>
    <type>eighth</type>
    <stem>up</stem>
    <staff>2</staff>
    <beam number="1">begin</beam>
   </note>
   <note color="#000000" default-x="45">
    <pitch>
     <step>E</step>
     <octave>4</octave>
    </pitch>
    <duration>128</duration>
    <instrument id="P1-I1" />
    <voice>2</voice>
    <type>eighth</type>
    <stem>up</stem>
    <staff>2</staff>
    <beam number="1">continue</beam>
   </note>
   <note color="#000000" default-x="75">
    <pitch>
     <step>G</step>
     <octave>4</octave>
    </pitch>
    <duration>128</duration>
    <instrument id="P1-I1" />
    <voice>2</voice>
    <type>eighth</type>
    <stem>up</stem>
    <staff>2</staff>
    <beam number="1">end</beam>
   </note>
   <note color="#000000" default-x="105" default-y="-15">
    <pitch>
     <step>C</step>
     <octave>4</octave>
    </pitch>
    <duration>384</duration>
    <instrument id="P1-I1" />
    <voice>2</voice>
    <type>quarter</type>
    <dot />
    <stem>up</stem>
    <staff>2</staff>
   </note>
  </measure>
 </part>
</score-partwise>
