<?xml version="1.0" encoding='UTF-8' standalone='no' ?>
<!DOCTYPE score-partwise PUBLIC "-//Recordare//DTD MusicXML 3.0 Partwise//EN" "http://www.musicxml.org/dtds/partwise.dtd">
<score-partwise version="3.0">
 <work>
  <work-title />
 </work>
 <identification>
  <encoding>
   <encoding-date>2022-02-06</encoding-date>
   <encoder>esiny</encoder>
   <software>Sibelius 19.1.0</software>
   <software>Direct export, not from Dolet</software>
   <encoding-description>Sibelius / MusicXML 3.0</encoding-description>
   <supports element="print" type="yes" value="yes" attribute="new-system" />
   <supports element="print" type="yes" value="yes" attribute="new-page" />
   <supports element="accidental" type="yes" />
   <supports element="beam" type="yes" />
   <supports element="stem" type="yes" />
  </encoding>
 </identification>
 <defaults>
  <scaling>
   <millimeters>215.9</millimeters>
   <tenths>1439</tenths>
  </scaling>
  <page-layout>
   <page-height>1862</page-height>
   <page-width>1439</page-width>
   <page-margins type="both">
    <left-margin>65</left-margin>
    <right-margin>65</right-margin>
    <top-margin>65</top-margin>
    <bottom-margin>65</bottom-margin>
   </page-margins>
  </page-layout>
  <system-layout>
   <system-margins>
    <left-margin>21</left-margin>
    <right-margin>0</right-margin>
   </system-margins>
   <system-distance>92</system-distance>
  </system-layout>
  <appearance>
   <line-width type="stem">0.9375</line-width>
   <line-width type="beam">5</line-width>
   <line-width type="staff">0.9375</line-width>
   <line-width type="light barline">1.5625</line-width>
   <line-width type="heavy barline">5</line-width>
   <line-width type="leger">1.5625</line-width>
   <line-width type="ending">1.5625</line-width>
   <line-width type="wedge">1.25</line-width>
   <line-width type="enclosure">0.9375</line-width>
   <line-width type="tuplet bracket">1.25</line-width>
   <line-width type="bracket">5</line-width>
   <line-width type="dashes">1.5625</line-width>
   <line-width type="extend">0.9375</line-width>
   <line-width type="octave shift">1.5625</line-width>
   <line-width type="pedal">1.5625</line-width>
   <line-width type="slur middle">1.5625</line-width>
   <line-width type="slur tip">0.625</line-width>
   <line-width type="tie middle">1.5625</line-width>
   <line-width type="tie tip">0.625</line-width>
   <note-size type="cue">75</note-size>
   <note-size type="grace">60</note-size>
  </appearance>
  <music-font font-family="Opus Std" font-size="17.0118" />
  <lyric-font font-family="Times New Roman" font-size="9.835" />
  <lyric-language xml:lang="en" />
 </defaults>
 <part-list>
  <score-part id="P1">
   <part-name>No. 14</part-name>
   <part-name-display>
    <display-text>No. 14</display-text>
   </part-name-display>
   <score-instrument id="P1-I1">
    <instrument-name>Guitar (2)</instrument-name>
    <instrument-sound>pluck.guitar.nylon-string</instrument-sound>
    <solo />
    <virtual-instrument>
     <virtual-library>General MIDI</virtual-library>
     <virtual-name>Acoustic Guitar (nylon)</virtual-name>
    </virtual-instrument>
   </score-instrument>
  </score-part>
 </part-list>
 <part id="P1">
  <!--============== Part: P1, Measure: 1 ==============-->
  <measure number="1" width="267">
   <print new-page="yes">
    <system-layout>
     <system-margins>
      <left-margin>88</left-margin>
      <right-margin>0</right-margin>
     </system-margins>
     <top-system-distance>133</top-system-distance>
    </system-layout>
   </print>
   <attributes>
    <divisions>256</divisions>
    <key color="#000000">
     <fifths>1</fifths>
     <mode>major</mode>
    </key>
    <time color="#000000">
     <beats>2</beats>
     <beat-type>4</beat-type>
    </time>
    <staves>1</staves>
    <clef number="1" color="#000000">
     <sign>G</sign>
     <line>2</line>
    </clef>
    <staff-details number="1" print-object="yes" />
    <transpose>
     <diatonic>0</diatonic>
     <chromatic>0</chromatic>
     <octave-change>-1</octave-change>
    </transpose>
   </attributes>
   <direction>
    <direction-type>
     <words default-x="87" default-y="27" justify="left" valign="middle" font-family="Times New Roman" font-style="normal" font-size="11.164" font-weight="bold">Andantino</words>
    </direction-type>
    <voice>1</voice>
    <staff>1</staff>
   </direction>
   <note color="#000000" default-x="93" default-y="19">
    <pitch>
     <step>D</step>
     <octave>5</octave>
    </pitch>
    <duration>128</duration>
    <instrument id="P1-I1" />
    <voice>1</voice>
    <type>eighth</type>
    <stem>up</stem>
    <staff>1</staff>
    <beam number="1">begin</beam>
   </note>
   <note color="#000000" default-x="137" default-y="19">
    <pitch>
     <step>D</step>
     <octave>5</octave>
    </pitch>
    <duration>128</duration>
    <instrument id="P1-I1" />
    <voice>1</voice>
    <type>eighth</type>
    <stem>up</stem>
    <staff>1</staff>
    <beam number="1">end</beam>
   </note>
   <note color="#000000" default-x="180" default-y="12">
    <pitch>
     <step>B</step>
     <octave>4</octave>
    </pitch>
    <duration>128</duration>
    <instrument id="P1-I1" />
    <voice>1</voice>
    <type>eighth</type>
    <stem>up</stem>
    <staff>1</staff>
    <beam number="1">begin</beam>
   </note>
   <note color="#000000" default-x="224" default-y="12">
    <pitch>
     <step>B</step>
     <octave>4</octave>
    </pitch>
    <duration>128</duration>
    <instrument id="P1-I1" />
    <voice>1</voice>
    <type>eighth</type>
    <stem>up</stem>
    <staff>1</staff>
    <beam number="1">end</beam>
   </note>
   <backup>
    <duration>512</duration>
   </backup>
   <note color="#000000" default-x="93" default-y="-82">
    <pitch>
     <step>B</step>
     <octave>3</octave>
    </pitch>
    <duration>64</duration>
    <instrument id="P1-I1" />
    <voice>2</voice>
    <type>16th</type>
    <stem>down</stem>
    <staff>1</staff>
    <beam number="1">begin</beam>
    <beam number="2">begin</beam>
   </note>
   <note color="#000000" default-x="115" default-y="-82">
    <pitch>
     <step>D</step>
     <octave>4</octave>
    </pitch>
    <duration>64</duration>
    <instrument id="P1-I1" />
    <voice>2</voice>
    <type>16th</type>
    <stem>down</stem>
    <staff>1</staff>
    <beam number="1">continue</beam>
    <beam number="2">continue</beam>
   </note>
   <note color="#000000" default-x="137" default-y="-82">
    <pitch>
     <step>B</step>
     <octave>3</octave>
    </pitch>
    <duration>64</duration>
    <instrument id="P1-I1" />
    <voice>2</voice>
    <type>16th</type>
    <stem>down</stem>
    <staff>1</staff>
    <beam number="1">continue</beam>
    <beam number="2">continue</beam>
   </note>
   <note color="#000000" default-x="159" default-y="-82">
    <pitch>
     <step>D</step>
     <octave>4</octave>
    </pitch>
    <duration>64</duration>
    <instrument id="P1-I1" />
    <voice>2</voice>
    <type>16th</type>
    <stem>down</stem>
    <staff>1</staff>
    <beam number="1">end</beam>
    <beam number="2">end</beam>
   </note>
   <note color="#000000" default-x="180" default-y="-92">
    <pitch>
     <step>G</step>
     <octave>3</octave>
    </pitch>
    <duration>64</duration>
    <instrument id="P1-I1" />
    <voice>2</voice>
    <type>16th</type>
    <stem>down</stem>
    <staff>1</staff>
    <beam number="1">begin</beam>
    <beam number="2">begin</beam>
   </note>
   <note color="#000000" default-x="202" default-y="-92">
    <pitch>
     <step>D</step>
     <octave>4</octave>
    </pitch>
    <duration>64</duration>
    <instrument id="P1-I1" />
    <voice>2</voice>
    <type>16th</type>
    <stem>down</stem>
    <staff>1</staff>
    <beam number="1">continue</beam>
    <beam number="2">continue</beam>
   </note>
   <note color="#000000" default-x="224" default-y="-92">
    <pitch>
     <step>G</step>
     <octave>3</octave>
    </pitch>
    <duration>64</duration>
    <instrument id="P1-I1" />
    <voice>2</voice>
    <type>16th</type>
    <stem>down</stem>
    <staff>1</staff>
    <beam number="1">continue</beam>
    <beam number="2">continue</beam>
   </note>
   <note color="#000000" default-x="245" default-y="-92">
    <pitch>
     <step>D</step>
     <octave>4</octave>
    </pitch>
    <duration>64</duration>
    <instrument id="P1-I1" />
    <voice>2</voice>
    <type>16th</type>
    <stem>down</stem>
    <staff>1</staff>
    <beam number="1">end</beam>
    <beam number="2">end</beam>
   </note>
  </measure>
  <!--============== Part: P1, Measure: 2 ==============-->
  <measure number="2" width="189">
   <note color="#000000" default-x="15" default-y="14">
    <pitch>
     <step>C</step>
     <octave>5</octave>
    </pitch>
    <duration>128</duration>
    <instrument id="P1-I1" />
    <voice>1</voice>
    <type>eighth</type>
    <stem>up</stem>
    <staff>1</staff>
    <beam number="1">begin</beam>
   </note>
   <note color="#000000" default-x="58" default-y="14">
    <pitch>
     <step>C</step>
     <octave>5</octave>
    </pitch>
    <duration>128</duration>
    <instrument id="P1-I1" />
    <voice>1</voice>
    <type>eighth</type>
    <stem>up</stem>
    <staff>1</staff>
    <beam number="1">end</beam>
   </note>
   <note color="#000000" default-x="101" default-y="10">
    <pitch>
     <step>A</step>
     <octave>4</octave>
    </pitch>
    <duration>256</duration>
    <instrument id="P1-I1" />
    <voice>1</voice>
    <type>quarter</type>
    <stem>up</stem>
    <staff>1</staff>
   </note>
   <backup>
    <duration>512</duration>
   </backup>
   <note color="#000000" default-x="15" default-y="-87">
    <pitch>
     <step>A</step>
     <octave>3</octave>
    </pitch>
    <duration>64</duration>
    <instrument id="P1-I1" />
    <voice>2</voice>
    <type>16th</type>
    <stem>down</stem>
    <staff>1</staff>
    <beam number="1">begin</beam>
    <beam number="2">begin</beam>
   </note>
   <note color="#000000" default-x="36" default-y="-87">
    <pitch>
     <step>D</step>
     <octave>4</octave>
    </pitch>
    <duration>64</duration>
    <instrument id="P1-I1" />
    <voice>2</voice>
    <type>16th</type>
    <stem>down</stem>
    <staff>1</staff>
    <beam number="1">continue</beam>
    <beam number="2">continue</beam>
   </note>
   <note color="#000000" default-x="58" default-y="-87">
    <pitch>
     <step>A</step>
     <octave>3</octave>
    </pitch>
    <duration>64</duration>
    <instrument id="P1-I1" />
    <voice>2</voice>
    <type>16th</type>
    <stem>down</stem>
    <staff>1</staff>
    <beam number="1">continue</beam>
    <beam number="2">continue</beam>
   </note>
   <note color="#000000" default-x="80" default-y="-87">
    <pitch>
     <step>D</step>
     <octave>4</octave>
    </pitch>
    <duration>64</duration>
    <instrument id="P1-I1" />
    <voice>2</voice>
    <type>16th</type>
    <stem>down</stem>
    <staff>1</staff>
    <beam number="1">end</beam>
    <beam number="2">end</beam>
   </note>
   <note color="#000000" default-x="101" default-y="-97">
    <pitch>
     <step>F</step>
     <alter>1</alter>
     <octave>3</octave>
    </pitch>
    <duration>64</duration>
    <instrument id="P1-I1" />
    <voice>2</voice>
    <type>16th</type>
    <stem>down</stem>
    <staff>1</staff>
    <beam number="1">begin</beam>
    <beam number="2">begin</beam>
   </note>
   <note color="#000000" default-x="123" default-y="-97">
    <pitch>
     <step>D</step>
     <octave>4</octave>
    </pitch>
    <duration>64</duration>
    <instrument id="P1-I1" />
    <voice>2</voice>
    <type>16th</type>
    <stem>down</stem>
    <staff>1</staff>
    <beam number="1">continue</beam>
    <beam number="2">continue</beam>
   </note>
   <note color="#000000" default-x="145" default-y="-97">
    <pitch>
     <step>F</step>
     <alter>1</alter>
     <octave>3</octave>
    </pitch>
    <duration>64</duration>
    <instrument id="P1-I1" />
    <voice>2</voice>
    <type>16th</type>
    <stem>down</stem>
    <staff>1</staff>
    <beam number="1">continue</beam>
    <beam number="2">continue</beam>
   </note>
   <note color="#000000" default-x="167" default-y="-97">
    <pitch>
     <step>D</step>
     <octave>4</octave>
    </pitch>
    <duration>64</duration>
    <instrument id="P1-I1" />
    <voice>2</voice>
    <type>16th</type>
    <stem>down</stem>
    <staff>1</staff>
    <beam number="1">end</beam>
    <beam number="2">end</beam>
   </note>
  </measure>
  <!--============== Part: P1, Measure: 3 ==============-->
  <measure number="3" width="189">
   <note color="#000000" default-x="15" default-y="12">
    <pitch>
     <step>C</step>
     <octave>5</octave>
    </pitch>
    <duration>64</duration>
    <instrument id="P1-I1" />
    <voice>1</voice>
    <type>16th</type>
    <stem>up</stem>
    <staff>1</staff>
    <beam number="1">begin</beam>
    <beam number="2">begin</beam>
    <notations>
     <slur color="#000000" type="start" orientation="under" />
    </notations>
   </note>
   <note color="#000000" default-x="36" default-y="12">
    <pitch>
     <step>B</step>
     <octave>4</octave>
    </pitch>
    <duration>64</duration>
    <instrument id="P1-I1" />
    <voice>1</voice>
    <type>16th</type>
    <stem>up</stem>
    <staff>1</staff>
    <beam number="1">continue</beam>
    <beam number="2">continue</beam>
    <notations>
     <slur color="#000000" type="stop" orientation="under" />
    </notations>
   </note>
   <note color="#000000" default-x="58" default-y="12">
    <pitch>
     <step>A</step>
     <octave>4</octave>
    </pitch>
    <duration>64</duration>
    <instrument id="P1-I1" />
    <voice>1</voice>
    <type>16th</type>
    <stem>up</stem>
    <staff>1</staff>
    <beam number="1">continue</beam>
    <beam number="2">continue</beam>
   </note>
   <note color="#000000" default-x="80" default-y="12">
    <pitch>
     <step>B</step>
     <octave>4</octave>
    </pitch>
    <duration>64</duration>
    <instrument id="P1-I1" />
    <voice>1</voice>
    <type>16th</type>
    <stem>up</stem>
    <staff>1</staff>
    <beam number="1">end</beam>
    <beam number="2">end</beam>
   </note>
   <note color="#000000" default-x="101" default-y="12">
    <pitch>
     <step>C</step>
     <octave>5</octave>
    </pitch>
    <duration>128</duration>
    <instrument id="P1-I1" />
    <voice>1</voice>
    <type>eighth</type>
    <stem>up</stem>
    <staff>1</staff>
    <beam number="1">begin</beam>
   </note>
   <note color="#000000" default-x="145" default-y="12">
    <pitch>
     <step>B</step>
     <octave>4</octave>
    </pitch>
    <duration>128</duration>
    <instrument id="P1-I1" />
    <voice>1</voice>
    <type>eighth</type>
    <stem>up</stem>
    <staff>1</staff>
    <beam number="1">end</beam>
   </note>
   <backup>
    <duration>512</duration>
   </backup>
   <note color="#000000" default-x="15" default-y="-92">
    <pitch>
     <step>G</step>
     <octave>3</octave>
    </pitch>
    <duration>256</duration>
    <instrument id="P1-I1" />
    <voice>2</voice>
    <type>quarter</type>
    <stem>down</stem>
    <staff>1</staff>
   </note>
   <note color="#000000" default-x="101" default-y="-72">
    <pitch>
     <step>A</step>
     <octave>4</octave>
    </pitch>
    <duration>64</duration>
    <instrument id="P1-I1" />
    <voice>2</voice>
    <type>16th</type>
    <stem>down</stem>
    <staff>1</staff>
    <beam number="1">begin</beam>
    <beam number="2">begin</beam>
   </note>
   <note color="#000000" default-x="123" default-y="-72">
    <pitch>
     <step>D</step>
     <octave>4</octave>
    </pitch>
    <duration>64</duration>
    <instrument id="P1-I1" />
    <voice>2</voice>
    <type>16th</type>
    <stem>down</stem>
    <staff>1</staff>
    <beam number="1">continue</beam>
    <beam number="2">continue</beam>
   </note>
   <note color="#000000" default-x="145" default-y="-72">
    <pitch>
     <step>G</step>
     <octave>4</octave>
    </pitch>
    <duration>64</duration>
    <instrument id="P1-I1" />
    <voice>2</voice>
    <type>16th</type>
    <stem>down</stem>
    <staff>1</staff>
    <beam number="1">continue</beam>
    <beam number="2">continue</beam>
   </note>
   <note color="#000000" default-x="167" default-y="-72">
    <pitch>
     <step>D</step>
     <octave>4</octave>
    </pitch>
    <duration>64</duration>
    <instrument id="P1-I1" />
    <voice>2</voice>
    <type>16th</type>
    <stem>down</stem>
    <staff>1</staff>
    <beam number="1">end</beam>
    <beam number="2">end</beam>
   </note>
  </measure>
  <!--============== Part: P1, Measure: 4 ==============-->
  <measure number="4" width="195">
   <note color="#000000" default-x="15" default-y="15">
    <pitch>
     <step>G</step>
     <octave>4</octave>
    </pitch>
    <duration>256</duration>
    <instrument id="P1-I1" />
    <voice>1</voice>
    <type>quarter</type>
    <stem>up</stem>
    <staff>1</staff>
   </note>
   <note color="#000000" default-x="15">
    <chord />
    <pitch>
     <step>B</step>
     <octave>4</octave>
    </pitch>
    <duration>256</duration>
    <instrument id="P1-I1" />
    <type>quarter</type>
    <staff>1</staff>
   </note>
   <note color="#000000" default-x="101" default-y="14">
    <pitch>
     <step>A</step>
     <octave>4</octave>
    </pitch>
    <duration>64</duration>
    <instrument id="P1-I1" />
    <voice>1</voice>
    <type>16th</type>
    <stem>up</stem>
    <staff>1</staff>
    <beam number="1">begin</beam>
    <beam number="2">begin</beam>
   </note>
   <note color="#000000" default-x="123" default-y="14">
    <pitch>
     <step>B</step>
     <octave>4</octave>
    </pitch>
    <duration>64</duration>
    <instrument id="P1-I1" />
    <voice>1</voice>
    <type>16th</type>
    <stem>up</stem>
    <staff>1</staff>
    <beam number="1">continue</beam>
    <beam number="2">continue</beam>
   </note>
   <note color="#000000" default-x="145" default-y="14">
    <pitch>
     <step>C</step>
     <octave>5</octave>
    </pitch>
    <duration>64</duration>
    <instrument id="P1-I1" />
    <voice>1</voice>
    <type>16th</type>
    <stem>up</stem>
    <staff>1</staff>
    <beam number="1">continue</beam>
    <beam number="2">continue</beam>
   </note>
   <note color="#000000" default-x="174" default-y="14">
    <pitch>
     <step>C</step>
     <alter>1</alter>
     <octave>5</octave>
    </pitch>
    <duration>64</duration>
    <instrument id="P1-I1" />
    <voice>1</voice>
    <type>16th</type>
    <accidental>sharp</accidental>
    <stem>up</stem>
    <staff>1</staff>
    <beam number="1">end</beam>
    <beam number="2">end</beam>
   </note>
   <backup>
    <duration>512</duration>
   </backup>
   <note color="#000000" default-x="15" default-y="-92">
    <pitch>
     <step>G</step>
     <octave>3</octave>
    </pitch>
    <duration>64</duration>
    <instrument id="P1-I1" />
    <voice>2</voice>
    <type>16th</type>
    <stem>down</stem>
    <staff>1</staff>
    <beam number="1">begin</beam>
    <beam number="2">begin</beam>
   </note>
   <note color="#000000" default-x="36" default-y="-92">
    <pitch>
     <step>D</step>
     <octave>4</octave>
    </pitch>
    <duration>64</duration>
    <instrument id="P1-I1" />
    <voice>2</voice>
    <type>16th</type>
    <stem>down</stem>
    <staff>1</staff>
    <beam number="1">continue</beam>
    <beam number="2">continue</beam>
   </note>
   <note color="#000000" default-x="58" default-y="-92">
    <pitch>
     <step>B</step>
     <octave>3</octave>
    </pitch>
    <duration>64</duration>
    <instrument id="P1-I1" />
    <voice>2</voice>
    <type>16th</type>
    <stem>down</stem>
    <staff>1</staff>
    <beam number="1">continue</beam>
    <beam number="2">continue</beam>
   </note>
   <note color="#000000" default-x="80" default-y="-92">
    <pitch>
     <step>D</step>
     <octave>4</octave>
    </pitch>
    <duration>64</duration>
    <instrument id="P1-I1" />
    <voice>2</voice>
    <type>16th</type>
    <stem>down</stem>
    <staff>1</staff>
    <beam number="1">end</beam>
    <beam number="2">end</beam>
   </note>
   <note color="#000000" default-x="101" default-y="-97">
    <pitch>
     <step>F</step>
     <alter>1</alter>
     <octave>3</octave>
    </pitch>
    <duration>128</duration>
    <instrument id="P1-I1" />
    <voice>2</voice>
    <type>eighth</type>
    <stem>down</stem>
    <staff>1</staff>
   </note>
   <note default-x="145">
    <rest />
    <duration>128</duration>
    <instrument id="P1-I1" />
    <voice>2</voice>
    <type>eighth</type>
    <staff>1</staff>
   </note>
  </measure>
  <!--============== Part: P1, Measure: 5 ==============-->
  <measure number="5" width="189">
   <note color="#000000" default-x="15" default-y="19">
    <pitch>
     <step>D</step>
     <octave>5</octave>
    </pitch>
    <duration>128</duration>
    <instrument id="P1-I1" />
    <voice>1</voice>
    <type>eighth</type>
    <stem>up</stem>
    <staff>1</staff>
    <beam number="1">begin</beam>
   </note>
   <note color="#000000" default-x="58" default-y="19">
    <pitch>
     <step>D</step>
     <octave>5</octave>
    </pitch>
    <duration>128</duration>
    <instrument id="P1-I1" />
    <voice>1</voice>
    <type>eighth</type>
    <stem>up</stem>
    <staff>1</staff>
    <beam number="1">end</beam>
   </note>
   <note color="#000000" default-x="102" default-y="12">
    <pitch>
     <step>B</step>
     <octave>4</octave>
    </pitch>
    <duration>128</duration>
    <instrument id="P1-I1" />
    <voice>1</voice>
    <type>eighth</type>
    <stem>up</stem>
    <staff>1</staff>
    <beam number="1">begin</beam>
   </note>
   <note color="#000000" default-x="145" default-y="12">
    <pitch>
     <step>B</step>
     <octave>4</octave>
    </pitch>
    <duration>128</duration>
    <instrument id="P1-I1" />
    <voice>1</voice>
    <type>eighth</type>
    <stem>up</stem>
    <staff>1</staff>
    <beam number="1">end</beam>
   </note>
   <backup>
    <duration>512</duration>
   </backup>
   <note color="#000000" default-x="15" default-y="-82">
    <pitch>
     <step>B</step>
     <octave>3</octave>
    </pitch>
    <duration>64</duration>
    <instrument id="P1-I1" />
    <voice>2</voice>
    <type>16th</type>
    <stem>down</stem>
    <staff>1</staff>
    <beam number="1">begin</beam>
    <beam number="2">begin</beam>
   </note>
   <note color="#000000" default-x="36" default-y="-82">
    <pitch>
     <step>D</step>
     <octave>4</octave>
    </pitch>
    <duration>64</duration>
    <instrument id="P1-I1" />
    <voice>2</voice>
    <type>16th</type>
    <stem>down</stem>
    <staff>1</staff>
    <beam number="1">continue</beam>
    <beam number="2">continue</beam>
   </note>
   <note color="#000000" default-x="58" default-y="-82">
    <pitch>
     <step>B</step>
     <octave>3</octave>
    </pitch>
    <duration>64</duration>
    <instrument id="P1-I1" />
    <voice>2</voice>
    <type>16th</type>
    <stem>down</stem>
    <staff>1</staff>
    <beam number="1">continue</beam>
    <beam number="2">continue</beam>
   </note>
   <note color="#000000" default-x="80" default-y="-82">
    <pitch>
     <step>D</step>
     <octave>4</octave>
    </pitch>
    <duration>64</duration>
    <instrument id="P1-I1" />
    <voice>2</voice>
    <type>16th</type>
    <stem>down</stem>
    <staff>1</staff>
    <beam number="1">end</beam>
    <beam number="2">end</beam>
   </note>
   <note color="#000000" default-x="102" default-y="-92">
    <pitch>
     <step>G</step>
     <octave>3</octave>
    </pitch>
    <duration>64</duration>
    <instrument id="P1-I1" />
    <voice>2</voice>
    <type>16th</type>
    <stem>down</stem>
    <staff>1</staff>
    <beam number="1">begin</beam>
    <beam number="2">begin</beam>
   </note>
   <note color="#000000" default-x="123" default-y="-92">
    <pitch>
     <step>D</step>
     <octave>4</octave>
    </pitch>
    <duration>64</duration>
    <instrument id="P1-I1" />
    <voice>2</voice>
    <type>16th</type>
    <stem>down</stem>
    <staff>1</staff>
    <beam number="1">continue</beam>
    <beam number="2">continue</beam>
   </note>
   <note color="#000000" default-x="145" default-y="-92">
    <pitch>
     <step>G</step>
     <octave>3</octave>
    </pitch>
    <duration>64</duration>
    <instrument id="P1-I1" />
    <voice>2</voice>
    <type>16th</type>
    <stem>down</stem>
    <staff>1</staff>
    <beam number="1">continue</beam>
    <beam number="2">continue</beam>
   </note>
   <note color="#000000" default-x="167" default-y="-92">
    <pitch>
     <step>D</step>
     <octave>4</octave>
    </pitch>
    <duration>64</duration>
    <instrument id="P1-I1" />
    <voice>2</voice>
    <type>16th</type>
    <stem>down</stem>
    <staff>1</staff>
    <beam number="1">end</beam>
    <beam number="2">end</beam>
   </note>
  </measure>
  <!--============== Part: P1, Measure: 6 ==============-->
  <measure number="6" width="189">
   <note color="#000000" default-x="15" default-y="14">
    <pitch>
     <step>C</step>
     <octave>5</octave>
    </pitch>
    <duration>128</duration>
    <instrument id="P1-I1" />
    <voice>1</voice>
    <type>eighth</type>
    <accidental>natural</accidental>
    <stem>up</stem>
    <staff>1</staff>
    <beam number="1">begin</beam>
   </note>
   <note color="#000000" default-x="58" default-y="14">
    <pitch>
     <step>C</step>
     <octave>5</octave>
    </pitch>
    <duration>128</duration>
    <instrument id="P1-I1" />
    <voice>1</voice>
    <type>eighth</type>
    <stem>up</stem>
    <staff>1</staff>
    <beam number="1">end</beam>
   </note>
   <note color="#000000" default-x="102" default-y="10">
    <pitch>
     <step>A</step>
     <octave>4</octave>
    </pitch>
    <duration>256</duration>
    <instrument id="P1-I1" />
    <voice>1</voice>
    <type>quarter</type>
    <stem>up</stem>
    <staff>1</staff>
   </note>
   <backup>
    <duration>512</duration>
   </backup>
   <note color="#000000" default-x="15" default-y="-87">
    <pitch>
     <step>A</step>
     <octave>3</octave>
    </pitch>
    <duration>64</duration>
    <instrument id="P1-I1" />
    <voice>2</voice>
    <type>16th</type>
    <stem>down</stem>
    <staff>1</staff>
    <beam number="1">begin</beam>
    <beam number="2">begin</beam>
   </note>
   <note color="#000000" default-x="36" default-y="-87">
    <pitch>
     <step>D</step>
     <octave>4</octave>
    </pitch>
    <duration>64</duration>
    <instrument id="P1-I1" />
    <voice>2</voice>
    <type>16th</type>
    <stem>down</stem>
    <staff>1</staff>
    <beam number="1">continue</beam>
    <beam number="2">continue</beam>
   </note>
   <note color="#000000" default-x="58" default-y="-87">
    <pitch>
     <step>A</step>
     <octave>3</octave>
    </pitch>
    <duration>64</duration>
    <instrument id="P1-I1" />
    <voice>2</voice>
    <type>16th</type>
    <stem>down</stem>
    <staff>1</staff>
    <beam number="1">continue</beam>
    <beam number="2">continue</beam>
   </note>
   <note color="#000000" default-x="80" default-y="-87">
    <pitch>
     <step>D</step>
     <octave>4</octave>
    </pitch>
    <duration>64</duration>
    <instrument id="P1-I1" />
    <voice>2</voice>
    <type>16th</type>
    <stem>down</stem>
    <staff>1</staff>
    <beam number="1">end</beam>
    <beam number="2">end</beam>
   </note>
   <note color="#000000" default-x="102" default-y="-97">
    <pitch>
     <step>F</step>
     <alter>1</alter>
     <octave>3</octave>
    </pitch>
    <duration>64</duration>
    <instrument id="P1-I1" />
    <voice>2</voice>
    <type>16th</type>
    <stem>down</stem>
    <staff>1</staff>
    <beam number="1">begin</beam>
    <beam number="2">begin</beam>
   </note>
   <note color="#000000" default-x="123" default-y="-97">
    <pitch>
     <step>D</step>
     <octave>4</octave>
    </pitch>
    <duration>64</duration>
    <instrument id="P1-I1" />
    <voice>2</voice>
    <type>16th</type>
    <stem>down</stem>
    <staff>1</staff>
    <beam number="1">continue</beam>
    <beam number="2">continue</beam>
   </note>
   <note color="#000000" default-x="145" default-y="-97">
    <pitch>
     <step>F</step>
     <alter>1</alter>
     <octave>3</octave>
    </pitch>
    <duration>64</duration>
    <instrument id="P1-I1" />
    <voice>2</voice>
    <type>16th</type>
    <stem>down</stem>
    <staff>1</staff>
    <beam number="1">continue</beam>
    <beam number="2">continue</beam>
   </note>
   <note color="#000000" default-x="167" default-y="-97">
    <pitch>
     <step>D</step>
     <octave>4</octave>
    </pitch>
    <duration>64</duration>
    <instrument id="P1-I1" />
    <voice>2</voice>
    <type>16th</type>
    <stem>down</stem>
    <staff>1</staff>
    <beam number="1">end</beam>
    <beam number="2">end</beam>
   </note>
  </measure>
  <!--============== Part: P1, Measure: 7 ==============-->
  <measure number="7" width="313">
   <print new-system="yes">
    <system-layout>
     <system-margins>
      <left-margin>22</left-margin>
      <right-margin>0</right-margin>
     </system-margins>
     <system-distance>276</system-distance>
    </system-layout>
    <measure-layout>
     <measure-distance>3</measure-distance>
    </measure-layout>
   </print>
   <attributes>
    <staff-details number="1" print-object="yes" />
   </attributes>
   <note color="#000000" default-x="75" default-y="12">
    <pitch>
     <step>B</step>
     <octave>4</octave>
    </pitch>
    <duration>64</duration>
    <instrument id="P1-I1" />
    <voice>1</voice>
    <type>16th</type>
    <stem>up</stem>
    <staff>1</staff>
    <beam number="1">begin</beam>
    <beam number="2">begin</beam>
   </note>
   <note color="#000000" default-x="104" default-y="12">
    <pitch>
     <step>G</step>
     <octave>4</octave>
    </pitch>
    <duration>64</duration>
    <instrument id="P1-I1" />
    <voice>1</voice>
    <type>16th</type>
    <stem>up</stem>
    <staff>1</staff>
    <beam number="1">continue</beam>
    <beam number="2">continue</beam>
   </note>
   <note color="#000000" default-x="134" default-y="12">
    <pitch>
     <step>E</step>
     <octave>4</octave>
    </pitch>
    <duration>64</duration>
    <instrument id="P1-I1" />
    <voice>1</voice>
    <type>16th</type>
    <stem>up</stem>
    <staff>1</staff>
    <beam number="1">continue</beam>
    <beam number="2">continue</beam>
   </note>
   <note color="#000000" default-x="164" default-y="12">
    <pitch>
     <step>A</step>
     <octave>4</octave>
    </pitch>
    <duration>64</duration>
    <instrument id="P1-I1" />
    <voice>1</voice>
    <type>16th</type>
    <stem>up</stem>
    <staff>1</staff>
    <beam number="1">end</beam>
    <beam number="2">end</beam>
   </note>
   <note color="#000000" default-x="194" default-y="9">
    <pitch>
     <step>B</step>
     <octave>3</octave>
    </pitch>
    <duration>64</duration>
    <instrument id="P1-I1" />
    <voice>1</voice>
    <type>16th</type>
    <stem>up</stem>
    <staff>1</staff>
    <beam number="1">begin</beam>
    <beam number="2">begin</beam>
   </note>
   <note color="#000000" default-x="224" default-y="9">
    <pitch>
     <step>G</step>
     <octave>4</octave>
    </pitch>
    <duration>64</duration>
    <instrument id="P1-I1" />
    <voice>1</voice>
    <type>16th</type>
    <stem>up</stem>
    <staff>1</staff>
    <beam number="1">continue</beam>
    <beam number="2">continue</beam>
   </note>
   <note color="#000000" default-x="253" default-y="9">
    <pitch>
     <step>A</step>
     <octave>3</octave>
    </pitch>
    <duration>64</duration>
    <instrument id="P1-I1" />
    <voice>1</voice>
    <type>16th</type>
    <stem>up</stem>
    <staff>1</staff>
    <beam number="1">continue</beam>
    <beam number="2">continue</beam>
   </note>
   <note color="#000000" default-x="283" default-y="9">
    <pitch>
     <step>F</step>
     <alter>1</alter>
     <octave>4</octave>
    </pitch>
    <duration>64</duration>
    <instrument id="P1-I1" />
    <voice>1</voice>
    <type>16th</type>
    <stem>up</stem>
    <staff>1</staff>
    <beam number="1">end</beam>
    <beam number="2">end</beam>
   </note>
   <backup>
    <duration>512</duration>
   </backup>
   <note color="#000000" default-x="75" default-y="-92">
    <pitch>
     <step>G</step>
     <octave>3</octave>
    </pitch>
    <duration>128</duration>
    <instrument id="P1-I1" />
    <voice>2</voice>
    <type>eighth</type>
    <stem>down</stem>
    <staff>1</staff>
    <beam number="1">begin</beam>
   </note>
   <note color="#000000" default-x="134" default-y="-92">
    <pitch>
     <step>C</step>
     <octave>4</octave>
    </pitch>
    <duration>128</duration>
    <instrument id="P1-I1" />
    <voice>2</voice>
    <type>eighth</type>
    <stem>down</stem>
    <staff>1</staff>
    <beam number="1">end</beam>
   </note>
   <note color="#000000" default-x="194" default-y="-87">
    <pitch>
     <step>B</step>
     <octave>3</octave>
    </pitch>
    <duration>128</duration>
    <instrument id="P1-I1" />
    <voice>2</voice>
    <type>eighth</type>
    <stem>down</stem>
    <staff>1</staff>
    <beam number="1">begin</beam>
   </note>
   <note color="#000000" default-x="253" default-y="-87">
    <pitch>
     <step>A</step>
     <octave>3</octave>
    </pitch>
    <duration>128</duration>
    <instrument id="P1-I1" />
    <voice>2</voice>
    <type>eighth</type>
    <stem>down</stem>
    <staff>1</staff>
    <beam number="1">end</beam>
   </note>
  </measure>
  <!--============== Part: P1, Measure: 8 ==============-->
  <measure number="8" width="211">
   <note default-x="15">
    <rest />
    <duration>64</duration>
    <instrument id="P1-I1" />
    <voice>1</voice>
    <type>16th</type>
    <staff>1</staff>
   </note>
   <note color="#000000" default-x="44" default-y="27">
    <pitch>
     <step>A</step>
     <octave>4</octave>
    </pitch>
    <duration>64</duration>
    <instrument id="P1-I1" />
    <voice>1</voice>
    <type>16th</type>
    <stem>up</stem>
    <staff>1</staff>
    <beam number="1">begin</beam>
    <beam number="2">begin</beam>
   </note>
   <note color="#000000" default-x="74" default-y="27">
    <pitch>
     <step>C</step>
     <octave>5</octave>
    </pitch>
    <duration>64</duration>
    <instrument id="P1-I1" />
    <voice>1</voice>
    <type>16th</type>
    <stem>up</stem>
    <staff>1</staff>
    <beam number="1">continue</beam>
    <beam number="2">continue</beam>
   </note>
   <note color="#000000" default-x="104" default-y="27">
    <pitch>
     <step>F</step>
     <alter>1</alter>
     <octave>5</octave>
    </pitch>
    <duration>64</duration>
    <instrument id="P1-I1" />
    <voice>1</voice>
    <type>16th</type>
    <stem>up</stem>
    <staff>1</staff>
    <beam number="1">end</beam>
    <beam number="2">end</beam>
   </note>
   <note color="#000000" default-x="134" default-y="32">
    <pitch>
     <step>B</step>
     <octave>4</octave>
    </pitch>
    <duration>128</duration>
    <instrument id="P1-I1" />
    <voice>1</voice>
    <type>eighth</type>
    <stem>up</stem>
    <staff>1</staff>
   </note>
   <note color="#000000" default-x="134">
    <chord />
    <pitch>
     <step>G</step>
     <octave>5</octave>
    </pitch>
    <duration>128</duration>
    <instrument id="P1-I1" />
    <type>eighth</type>
    <staff>1</staff>
   </note>
   <note default-x="173">
    <rest />
    <duration>128</duration>
    <instrument id="P1-I1" />
    <voice>1</voice>
    <type>eighth</type>
    <staff>1</staff>
   </note>
   <backup>
    <duration>512</duration>
   </backup>
   <note color="#000000" default-x="15" default-y="-72">
    <pitch>
     <step>D</step>
     <octave>4</octave>
    </pitch>
    <duration>256</duration>
    <instrument id="P1-I1" />
    <voice>2</voice>
    <type>quarter</type>
    <stem>down</stem>
    <staff>1</staff>
   </note>
   <note color="#000000" default-x="134" default-y="-92">
    <pitch>
     <step>G</step>
     <octave>3</octave>
    </pitch>
    <duration>128</duration>
    <instrument id="P1-I1" />
    <voice>2</voice>
    <type>eighth</type>
    <stem>down</stem>
    <staff>1</staff>
   </note>
   <note color="#000000" default-x="134">
    <chord />
    <pitch>
     <step>G</step>
     <octave>4</octave>
    </pitch>
    <duration>128</duration>
    <instrument id="P1-I1" />
    <type>eighth</type>
    <staff>1</staff>
   </note>
  </measure>
  <!--============== Part: P1, Measure: 9 ==============-->
  <measure number="9" width="253">
   <note color="#000000" default-x="15" default-y="14">
    <pitch>
     <step>C</step>
     <octave>5</octave>
    </pitch>
    <duration>128</duration>
    <instrument id="P1-I1" />
    <voice>1</voice>
    <type>eighth</type>
    <stem>up</stem>
    <staff>1</staff>
    <beam number="1">begin</beam>
   </note>
   <note color="#000000" default-x="74" default-y="14">
    <pitch>
     <step>C</step>
     <octave>5</octave>
    </pitch>
    <duration>128</duration>
    <instrument id="P1-I1" />
    <voice>1</voice>
    <type>eighth</type>
    <stem>up</stem>
    <staff>1</staff>
    <beam number="1">end</beam>
   </note>
   <note color="#000000" default-x="134" default-y="10">
    <pitch>
     <step>A</step>
     <octave>4</octave>
    </pitch>
    <duration>256</duration>
    <instrument id="P1-I1" />
    <voice>1</voice>
    <type>quarter</type>
    <stem>up</stem>
    <staff>1</staff>
   </note>
   <backup>
    <duration>512</duration>
   </backup>
   <note color="#000000" default-x="15" default-y="-97">
    <pitch>
     <step>F</step>
     <alter>1</alter>
     <octave>3</octave>
    </pitch>
    <duration>64</duration>
    <instrument id="P1-I1" />
    <voice>2</voice>
    <type>16th</type>
    <stem>down</stem>
    <staff>1</staff>
    <beam number="1">begin</beam>
    <beam number="2">begin</beam>
   </note>
   <note color="#000000" default-x="44" default-y="-97">
    <pitch>
     <step>D</step>
     <octave>4</octave>
    </pitch>
    <duration>64</duration>
    <instrument id="P1-I1" />
    <voice>2</voice>
    <type>16th</type>
    <stem>down</stem>
    <staff>1</staff>
    <beam number="1">continue</beam>
    <beam number="2">continue</beam>
   </note>
   <note color="#000000" default-x="74" default-y="-97">
    <pitch>
     <step>A</step>
     <octave>3</octave>
    </pitch>
    <duration>64</duration>
    <instrument id="P1-I1" />
    <voice>2</voice>
    <type>16th</type>
    <stem>down</stem>
    <staff>1</staff>
    <beam number="1">continue</beam>
    <beam number="2">continue</beam>
   </note>
   <note color="#000000" default-x="104" default-y="-97">
    <pitch>
     <step>D</step>
     <octave>4</octave>
    </pitch>
    <duration>64</duration>
    <instrument id="P1-I1" />
    <voice>2</voice>
    <type>16th</type>
    <stem>down</stem>
    <staff>1</staff>
    <beam number="1">end</beam>
    <beam number="2">end</beam>
   </note>
   <note color="#000000" default-x="134" default-y="-97">
    <pitch>
     <step>F</step>
     <alter>1</alter>
     <octave>3</octave>
    </pitch>
    <duration>64</duration>
    <instrument id="P1-I1" />
    <voice>2</voice>
    <type>16th</type>
    <stem>down</stem>
    <staff>1</staff>
    <beam number="1">begin</beam>
    <beam number="2">begin</beam>
   </note>
   <note color="#000000" default-x="164" default-y="-97">
    <pitch>
     <step>D</step>
     <octave>4</octave>
    </pitch>
    <duration>64</duration>
    <instrument id="P1-I1" />
    <voice>2</voice>
    <type>16th</type>
    <stem>down</stem>
    <staff>1</staff>
    <beam number="1">continue</beam>
    <beam number="2">continue</beam>
   </note>
   <note color="#000000" default-x="193" default-y="-97">
    <pitch>
     <step>A</step>
     <octave>3</octave>
    </pitch>
    <duration>64</duration>
    <instrument id="P1-I1" />
    <voice>2</voice>
    <type>16th</type>
    <stem>down</stem>
    <staff>1</staff>
    <beam number="1">continue</beam>
    <beam number="2">continue</beam>
   </note>
   <note color="#000000" default-x="223" default-y="-97">
    <pitch>
     <step>D</step>
     <octave>4</octave>
    </pitch>
    <duration>64</duration>
    <instrument id="P1-I1" />
    <voice>2</voice>
    <type>16th</type>
    <stem>down</stem>
    <staff>1</staff>
    <beam number="1">end</beam>
    <beam number="2">end</beam>
   </note>
  </measure>
  <!--============== Part: P1, Measure: 10 ==============-->
  <measure number="10" width="253">
   <note color="#000000" default-x="15" default-y="12">
    <pitch>
     <step>B</step>
     <octave>4</octave>
    </pitch>
    <duration>128</duration>
    <instrument id="P1-I1" />
    <voice>1</voice>
    <type>eighth</type>
    <stem>up</stem>
    <staff>1</staff>
    <beam number="1">begin</beam>
   </note>
   <note color="#000000" default-x="74" default-y="12">
    <pitch>
     <step>B</step>
     <octave>4</octave>
    </pitch>
    <duration>128</duration>
    <instrument id="P1-I1" />
    <voice>1</voice>
    <type>eighth</type>
    <stem>up</stem>
    <staff>1</staff>
    <beam number="1">end</beam>
   </note>
   <note color="#000000" default-x="134" default-y="5">
    <pitch>
     <step>G</step>
     <octave>4</octave>
    </pitch>
    <duration>256</duration>
    <instrument id="P1-I1" />
    <voice>1</voice>
    <type>quarter</type>
    <stem>up</stem>
    <staff>1</staff>
   </note>
   <backup>
    <duration>512</duration>
   </backup>
   <note color="#000000" default-x="15" default-y="-92">
    <pitch>
     <step>G</step>
     <octave>3</octave>
    </pitch>
    <duration>64</duration>
    <instrument id="P1-I1" />
    <voice>2</voice>
    <type>16th</type>
    <stem>down</stem>
    <staff>1</staff>
    <beam number="1">begin</beam>
    <beam number="2">begin</beam>
   </note>
   <note color="#000000" default-x="44" default-y="-92">
    <pitch>
     <step>D</step>
     <octave>4</octave>
    </pitch>
    <duration>64</duration>
    <instrument id="P1-I1" />
    <voice>2</voice>
    <type>16th</type>
    <stem>down</stem>
    <staff>1</staff>
    <beam number="1">continue</beam>
    <beam number="2">continue</beam>
   </note>
   <note color="#000000" default-x="74" default-y="-92">
    <pitch>
     <step>B</step>
     <octave>3</octave>
    </pitch>
    <duration>64</duration>
    <instrument id="P1-I1" />
    <voice>2</voice>
    <type>16th</type>
    <stem>down</stem>
    <staff>1</staff>
    <beam number="1">continue</beam>
    <beam number="2">continue</beam>
   </note>
   <note color="#000000" default-x="104" default-y="-92">
    <pitch>
     <step>D</step>
     <octave>4</octave>
    </pitch>
    <duration>64</duration>
    <instrument id="P1-I1" />
    <voice>2</voice>
    <type>16th</type>
    <stem>down</stem>
    <staff>1</staff>
    <beam number="1">end</beam>
    <beam number="2">end</beam>
   </note>
   <note color="#000000" default-x="134" default-y="-92">
    <pitch>
     <step>G</step>
     <octave>3</octave>
    </pitch>
    <duration>64</duration>
    <instrument id="P1-I1" />
    <voice>2</voice>
    <type>16th</type>
    <stem>down</stem>
    <staff>1</staff>
    <beam number="1">begin</beam>
    <beam number="2">begin</beam>
   </note>
   <note color="#000000" default-x="163" default-y="-92">
    <pitch>
     <step>D</step>
     <octave>4</octave>
    </pitch>
    <duration>64</duration>
    <instrument id="P1-I1" />
    <voice>2</voice>
    <type>16th</type>
    <stem>down</stem>
    <staff>1</staff>
    <beam number="1">continue</beam>
    <beam number="2">continue</beam>
   </note>
   <note color="#000000" default-x="193" default-y="-92">
    <pitch>
     <step>B</step>
     <octave>3</octave>
    </pitch>
    <duration>64</duration>
    <instrument id="P1-I1" />
    <voice>2</voice>
    <type>16th</type>
    <stem>down</stem>
    <staff>1</staff>
    <beam number="1">continue</beam>
    <beam number="2">continue</beam>
   </note>
   <note color="#000000" default-x="223" default-y="-92">
    <pitch>
     <step>D</step>
     <octave>4</octave>
    </pitch>
    <duration>64</duration>
    <instrument id="P1-I1" />
    <voice>2</voice>
    <type>16th</type>
    <stem>down</stem>
    <staff>1</staff>
    <beam number="1">end</beam>
    <beam number="2">end</beam>
   </note>
  </measure>
  <!--============== Part: P1, Measure: 11 ==============-->
  <measure number="11" width="253">
   <note color="#000000" default-x="15" default-y="12">
    <pitch>
     <step>C</step>
     <octave>5</octave>
    </pitch>
    <duration>128</duration>
    <instrument id="P1-I1" />
    <voice>1</voice>
    <type>eighth</type>
    <stem>up</stem>
    <staff>1</staff>
    <beam number="1">begin</beam>
   </note>
   <note color="#000000" default-x="74" default-y="12">
    <pitch>
     <step>A</step>
     <octave>4</octave>
    </pitch>
    <duration>128</duration>
    <instrument id="P1-I1" />
    <voice>1</voice>
    <type>eighth</type>
    <stem>up</stem>
    <staff>1</staff>
    <beam number="1">end</beam>
   </note>
   <note color="#000000" default-x="134" default-y="12">
    <pitch>
     <step>B</step>
     <octave>4</octave>
    </pitch>
    <duration>128</duration>
    <instrument id="P1-I1" />
    <voice>1</voice>
    <type>eighth</type>
    <stem>up</stem>
    <staff>1</staff>
    <beam number="1">begin</beam>
   </note>
   <note color="#000000" default-x="193" default-y="12">
    <pitch>
     <step>G</step>
     <octave>4</octave>
    </pitch>
    <duration>128</duration>
    <instrument id="P1-I1" />
    <voice>1</voice>
    <type>eighth</type>
    <stem>up</stem>
    <staff>1</staff>
    <beam number="1">end</beam>
   </note>
   <backup>
    <duration>512</duration>
   </backup>
   <note color="#000000" default-x="15" default-y="-97">
    <pitch>
     <step>F</step>
     <alter>1</alter>
     <octave>3</octave>
    </pitch>
    <duration>64</duration>
    <instrument id="P1-I1" />
    <voice>2</voice>
    <type>16th</type>
    <stem>down</stem>
    <staff>1</staff>
    <beam number="1">begin</beam>
    <beam number="2">begin</beam>
   </note>
   <note color="#000000" default-x="45" default-y="-97">
    <pitch>
     <step>D</step>
     <octave>4</octave>
    </pitch>
    <duration>64</duration>
    <instrument id="P1-I1" />
    <voice>2</voice>
    <type>16th</type>
    <stem>down</stem>
    <staff>1</staff>
    <beam number="1">continue</beam>
    <beam number="2">continue</beam>
   </note>
   <note color="#000000" default-x="74" default-y="-97">
    <pitch>
     <step>A</step>
     <octave>3</octave>
    </pitch>
    <duration>64</duration>
    <instrument id="P1-I1" />
    <voice>2</voice>
    <type>16th</type>
    <stem>down</stem>
    <staff>1</staff>
    <beam number="1">continue</beam>
    <beam number="2">continue</beam>
   </note>
   <note color="#000000" default-x="104" default-y="-97">
    <pitch>
     <step>D</step>
     <octave>4</octave>
    </pitch>
    <duration>64</duration>
    <instrument id="P1-I1" />
    <voice>2</voice>
    <type>16th</type>
    <stem>down</stem>
    <staff>1</staff>
    <beam number="1">end</beam>
    <beam number="2">end</beam>
   </note>
   <note color="#000000" default-x="134" default-y="-92">
    <pitch>
     <step>G</step>
     <octave>3</octave>
    </pitch>
    <duration>64</duration>
    <instrument id="P1-I1" />
    <voice>2</voice>
    <type>16th</type>
    <stem>down</stem>
    <staff>1</staff>
    <beam number="1">begin</beam>
    <beam number="2">begin</beam>
   </note>
   <note color="#000000" default-x="164" default-y="-92">
    <pitch>
     <step>D</step>
     <octave>4</octave>
    </pitch>
    <duration>64</duration>
    <instrument id="P1-I1" />
    <voice>2</voice>
    <type>16th</type>
    <stem>down</stem>
    <staff>1</staff>
    <beam number="1">continue</beam>
    <beam number="2">continue</beam>
   </note>
   <note color="#000000" default-x="193" default-y="-92">
    <pitch>
     <step>B</step>
     <octave>3</octave>
    </pitch>
    <duration>64</duration>
    <instrument id="P1-I1" />
    <voice>2</voice>
    <type>16th</type>
    <stem>down</stem>
    <staff>1</staff>
    <beam number="1">continue</beam>
    <beam number="2">continue</beam>
   </note>
   <note color="#000000" default-x="223" default-y="-92">
    <pitch>
     <step>D</step>
     <octave>4</octave>
    </pitch>
    <duration>64</duration>
    <instrument id="P1-I1" />
    <voice>2</voice>
    <type>16th</type>
    <stem>down</stem>
    <staff>1</staff>
    <beam number="1">end</beam>
    <beam number="2">end</beam>
   </note>
  </measure>
  <!--============== Part: P1, Measure: 12 ==============-->
  <measure number="12" width="289">
   <print new-system="yes">
    <system-layout>
     <system-margins>
      <left-margin>22</left-margin>
      <right-margin>0</right-margin>
     </system-margins>
     <system-distance>276</system-distance>
    </system-layout>
    <measure-layout>
     <measure-distance>3</measure-distance>
    </measure-layout>
   </print>
   <attributes>
    <staff-details number="1" print-object="yes" />
   </attributes>
   <note color="#000000" default-x="75" default-y="15">
    <pitch>
     <step>G</step>
     <octave>4</octave>
    </pitch>
    <duration>256</duration>
    <instrument id="P1-I1" />
    <voice>1</voice>
    <type>quarter</type>
    <stem>up</stem>
    <staff>1</staff>
   </note>
   <note color="#000000" default-x="75">
    <chord />
    <pitch>
     <step>B</step>
     <octave>4</octave>
    </pitch>
    <duration>256</duration>
    <instrument id="P1-I1" />
    <type>quarter</type>
    <staff>1</staff>
   </note>
   <note color="#000000" default-x="176" default-y="14">
    <pitch>
     <step>A</step>
     <octave>4</octave>
    </pitch>
    <duration>64</duration>
    <instrument id="P1-I1" />
    <voice>1</voice>
    <type>16th</type>
    <stem>up</stem>
    <staff>1</staff>
    <beam number="1">begin</beam>
    <beam number="2">begin</beam>
   </note>
   <forward>
    <duration>64</duration>
   </forward>
   <note color="#000000" default-x="210" default-y="14">
    <pitch>
     <step>B</step>
     <octave>4</octave>
    </pitch>
    <duration>64</duration>
    <instrument id="P1-I1" />
    <voice>1</voice>
    <type>16th</type>
    <stem>up</stem>
    <staff>1</staff>
    <beam number="1">continue</beam>
    <beam number="2">continue</beam>
   </note>
   <note color="#000000" default-x="235" default-y="14">
    <pitch>
     <step>C</step>
     <octave>5</octave>
    </pitch>
    <duration>64</duration>
    <instrument id="P1-I1" />
    <voice>1</voice>
    <type>16th</type>
    <stem>up</stem>
    <staff>1</staff>
    <beam number="1">continue</beam>
    <beam number="2">continue</beam>
   </note>
   <note color="#000000" default-x="264" default-y="14">
    <pitch>
     <step>C</step>
     <alter>1</alter>
     <octave>5</octave>
    </pitch>
    <duration>64</duration>
    <instrument id="P1-I1" />
    <voice>1</voice>
    <type>16th</type>
    <accidental>sharp</accidental>
    <stem>up</stem>
    <staff>1</staff>
    <beam number="1">end</beam>
    <beam number="2">end</beam>
   </note>
   <backup>
    <duration>576</duration>
   </backup>
   <note color="#000000" default-x="75" default-y="-92">
    <pitch>
     <step>G</step>
     <octave>3</octave>
    </pitch>
    <duration>64</duration>
    <instrument id="P1-I1" />
    <voice>2</voice>
    <type>16th</type>
    <stem>down</stem>
    <staff>1</staff>
    <beam number="1">begin</beam>
    <beam number="2">begin</beam>
   </note>
   <note color="#000000" default-x="100" default-y="-92">
    <pitch>
     <step>D</step>
     <octave>4</octave>
    </pitch>
    <duration>64</duration>
    <instrument id="P1-I1" />
    <voice>2</voice>
    <type>16th</type>
    <stem>down</stem>
    <staff>1</staff>
    <beam number="1">continue</beam>
    <beam number="2">continue</beam>
   </note>
   <note color="#000000" default-x="125" default-y="-92">
    <pitch>
     <step>B</step>
     <octave>3</octave>
    </pitch>
    <duration>64</duration>
    <instrument id="P1-I1" />
    <voice>2</voice>
    <type>16th</type>
    <stem>down</stem>
    <staff>1</staff>
    <beam number="1">continue</beam>
    <beam number="2">continue</beam>
   </note>
   <note color="#000000" default-x="151" default-y="-92">
    <pitch>
     <step>D</step>
     <octave>4</octave>
    </pitch>
    <duration>64</duration>
    <instrument id="P1-I1" />
    <voice>2</voice>
    <type>16th</type>
    <stem>down</stem>
    <staff>1</staff>
    <beam number="1">end</beam>
    <beam number="2">end</beam>
   </note>
   <note color="#000000" default-x="176" default-y="-97">
    <pitch>
     <step>F</step>
     <alter>1</alter>
     <octave>3</octave>
    </pitch>
    <duration>128</duration>
    <instrument id="P1-I1" />
    <voice>2</voice>
    <type>eighth</type>
    <stem>down</stem>
    <staff>1</staff>
   </note>
   <note default-x="210">
    <rest />
    <duration>128</duration>
    <instrument id="P1-I1" />
    <voice>2</voice>
    <type>eighth</type>
    <staff>1</staff>
   </note>
  </measure>
  <!--============== Part: P1, Measure: 13 ==============-->
  <measure number="13" width="218">
   <note color="#000000" default-x="15" default-y="19">
    <pitch>
     <step>D</step>
     <octave>5</octave>
    </pitch>
    <duration>128</duration>
    <instrument id="P1-I1" />
    <voice>1</voice>
    <type>eighth</type>
    <stem>up</stem>
    <staff>1</staff>
    <beam number="1">begin</beam>
   </note>
   <note color="#000000" default-x="65" default-y="19">
    <pitch>
     <step>D</step>
     <octave>5</octave>
    </pitch>
    <duration>128</duration>
    <instrument id="P1-I1" />
    <voice>1</voice>
    <type>eighth</type>
    <stem>up</stem>
    <staff>1</staff>
    <beam number="1">end</beam>
   </note>
   <note color="#000000" default-x="116" default-y="15">
    <pitch>
     <step>B</step>
     <octave>4</octave>
    </pitch>
    <duration>256</duration>
    <instrument id="P1-I1" />
    <voice>1</voice>
    <type>quarter</type>
    <stem>up</stem>
    <staff>1</staff>
   </note>
   <backup>
    <duration>512</duration>
   </backup>
   <note color="#000000" default-x="15" default-y="-82">
    <pitch>
     <step>B</step>
     <octave>3</octave>
    </pitch>
    <duration>64</duration>
    <instrument id="P1-I1" />
    <voice>2</voice>
    <type>16th</type>
    <stem>down</stem>
    <staff>1</staff>
    <beam number="1">begin</beam>
    <beam number="2">begin</beam>
   </note>
   <note color="#000000" default-x="40" default-y="-82">
    <pitch>
     <step>D</step>
     <octave>4</octave>
    </pitch>
    <duration>64</duration>
    <instrument id="P1-I1" />
    <voice>2</voice>
    <type>16th</type>
    <stem>down</stem>
    <staff>1</staff>
    <beam number="1">continue</beam>
    <beam number="2">continue</beam>
   </note>
   <note color="#000000" default-x="65" default-y="-82">
    <pitch>
     <step>B</step>
     <octave>3</octave>
    </pitch>
    <duration>64</duration>
    <instrument id="P1-I1" />
    <voice>2</voice>
    <type>16th</type>
    <stem>down</stem>
    <staff>1</staff>
    <beam number="1">continue</beam>
    <beam number="2">continue</beam>
   </note>
   <note color="#000000" default-x="91" default-y="-82">
    <pitch>
     <step>D</step>
     <octave>4</octave>
    </pitch>
    <duration>64</duration>
    <instrument id="P1-I1" />
    <voice>2</voice>
    <type>16th</type>
    <stem>down</stem>
    <staff>1</staff>
    <beam number="1">end</beam>
    <beam number="2">end</beam>
   </note>
   <note color="#000000" default-x="116" default-y="-92">
    <pitch>
     <step>G</step>
     <octave>3</octave>
    </pitch>
    <duration>64</duration>
    <instrument id="P1-I1" />
    <voice>2</voice>
    <type>16th</type>
    <stem>down</stem>
    <staff>1</staff>
    <beam number="1">begin</beam>
    <beam number="2">begin</beam>
   </note>
   <note color="#000000" default-x="142" default-y="-92">
    <pitch>
     <step>G</step>
     <octave>4</octave>
    </pitch>
    <duration>64</duration>
    <instrument id="P1-I1" />
    <voice>2</voice>
    <type>16th</type>
    <stem>down</stem>
    <staff>1</staff>
    <beam number="1">continue</beam>
    <beam number="2">continue</beam>
   </note>
   <note color="#000000" default-x="167" default-y="-92">
    <pitch>
     <step>D</step>
     <octave>4</octave>
    </pitch>
    <duration>64</duration>
    <instrument id="P1-I1" />
    <voice>2</voice>
    <type>16th</type>
    <stem>down</stem>
    <staff>1</staff>
    <beam number="1">continue</beam>
    <beam number="2">continue</beam>
   </note>
   <note color="#000000" default-x="193" default-y="-92">
    <pitch>
     <step>G</step>
     <octave>4</octave>
    </pitch>
    <duration>64</duration>
    <instrument id="P1-I1" />
    <voice>2</voice>
    <type>16th</type>
    <stem>down</stem>
    <staff>1</staff>
    <beam number="1">end</beam>
    <beam number="2">end</beam>
   </note>
  </measure>
  <!--============== Part: P1, Measure: 14 ==============-->
  <measure number="14" width="218">
   <note color="#000000" default-x="15" default-y="32">
    <pitch>
     <step>G</step>
     <octave>5</octave>
    </pitch>
    <duration>128</duration>
    <instrument id="P1-I1" />
    <voice>1</voice>
    <type>eighth</type>
    <stem>up</stem>
    <staff>1</staff>
    <beam number="1">begin</beam>
   </note>
   <note color="#000000" default-x="65" default-y="32">
    <pitch>
     <step>G</step>
     <octave>5</octave>
    </pitch>
    <duration>128</duration>
    <instrument id="P1-I1" />
    <voice>1</voice>
    <type>eighth</type>
    <stem>up</stem>
    <staff>1</staff>
    <beam number="1">end</beam>
   </note>
   <note color="#000000" default-x="116" default-y="22">
    <pitch>
     <step>E</step>
     <octave>5</octave>
    </pitch>
    <duration>256</duration>
    <instrument id="P1-I1" />
    <voice>1</voice>
    <type>quarter</type>
    <stem>up</stem>
    <staff>1</staff>
   </note>
   <backup>
    <duration>512</duration>
   </backup>
   <note color="#000000" default-x="15" default-y="-67">
    <pitch>
     <step>E</step>
     <octave>4</octave>
    </pitch>
    <duration>64</duration>
    <instrument id="P1-I1" />
    <voice>2</voice>
    <type>16th</type>
    <stem>down</stem>
    <staff>1</staff>
    <beam number="1">begin</beam>
    <beam number="2">begin</beam>
   </note>
   <note color="#000000" default-x="40" default-y="-67">
    <pitch>
     <step>G</step>
     <octave>4</octave>
    </pitch>
    <duration>64</duration>
    <instrument id="P1-I1" />
    <voice>2</voice>
    <type>16th</type>
    <stem>down</stem>
    <staff>1</staff>
    <beam number="1">continue</beam>
    <beam number="2">continue</beam>
   </note>
   <note color="#000000" default-x="65" default-y="-67">
    <pitch>
     <step>E</step>
     <octave>4</octave>
    </pitch>
    <duration>64</duration>
    <instrument id="P1-I1" />
    <voice>2</voice>
    <type>16th</type>
    <stem>down</stem>
    <staff>1</staff>
    <beam number="1">continue</beam>
    <beam number="2">continue</beam>
   </note>
   <note color="#000000" default-x="91" default-y="-67">
    <pitch>
     <step>G</step>
     <octave>4</octave>
    </pitch>
    <duration>64</duration>
    <instrument id="P1-I1" />
    <voice>2</voice>
    <type>16th</type>
    <stem>down</stem>
    <staff>1</staff>
    <beam number="1">end</beam>
    <beam number="2">end</beam>
   </note>
   <note color="#000000" default-x="116" default-y="-77">
    <pitch>
     <step>C</step>
     <octave>4</octave>
    </pitch>
    <duration>64</duration>
    <instrument id="P1-I1" />
    <voice>2</voice>
    <type>16th</type>
    <stem>down</stem>
    <staff>1</staff>
    <beam number="1">begin</beam>
    <beam number="2">begin</beam>
   </note>
   <note color="#000000" default-x="142" default-y="-77">
    <pitch>
     <step>G</step>
     <octave>4</octave>
    </pitch>
    <duration>64</duration>
    <instrument id="P1-I1" />
    <voice>2</voice>
    <type>16th</type>
    <stem>down</stem>
    <staff>1</staff>
    <beam number="1">continue</beam>
    <beam number="2">continue</beam>
   </note>
   <note color="#000000" default-x="167" default-y="-77">
    <pitch>
     <step>C</step>
     <octave>4</octave>
    </pitch>
    <duration>64</duration>
    <instrument id="P1-I1" />
    <voice>2</voice>
    <type>16th</type>
    <stem>down</stem>
    <staff>1</staff>
    <beam number="1">continue</beam>
    <beam number="2">continue</beam>
   </note>
   <note color="#000000" default-x="193" default-y="-77">
    <pitch>
     <step>G</step>
     <octave>4</octave>
    </pitch>
    <duration>64</duration>
    <instrument id="P1-I1" />
    <voice>2</voice>
    <type>16th</type>
    <stem>down</stem>
    <staff>1</staff>
    <beam number="1">end</beam>
    <beam number="2">end</beam>
   </note>
  </measure>
  <!--============== Part: P1, Measure: 15 ==============-->
  <measure number="15" width="218">
   <note color="#000000" default-x="15" default-y="12">
    <pitch>
     <step>B</step>
     <octave>4</octave>
    </pitch>
    <duration>128</duration>
    <instrument id="P1-I1" />
    <voice>1</voice>
    <type>eighth</type>
    <stem>up</stem>
    <staff>1</staff>
    <beam number="1">begin</beam>
   </note>
   <note color="#000000" default-x="65" default-y="12">
    <pitch>
     <step>B</step>
     <octave>4</octave>
    </pitch>
    <duration>128</duration>
    <instrument id="P1-I1" />
    <voice>1</voice>
    <type>eighth</type>
    <stem>up</stem>
    <staff>1</staff>
    <beam number="1">end</beam>
   </note>
   <note color="#000000" default-x="116" default-y="12">
    <pitch>
     <step>C</step>
     <octave>5</octave>
    </pitch>
    <duration>128</duration>
    <instrument id="P1-I1" />
    <voice>1</voice>
    <type>eighth</type>
    <stem>up</stem>
    <staff>1</staff>
    <beam number="1">begin</beam>
   </note>
   <note color="#000000" default-x="167" default-y="12">
    <pitch>
     <step>A</step>
     <octave>4</octave>
    </pitch>
    <duration>128</duration>
    <instrument id="P1-I1" />
    <voice>1</voice>
    <type>eighth</type>
    <stem>up</stem>
    <staff>1</staff>
    <beam number="1">end</beam>
   </note>
   <backup>
    <duration>512</duration>
   </backup>
   <note color="#000000" default-x="15" default-y="-92">
    <pitch>
     <step>B</step>
     <octave>3</octave>
    </pitch>
    <duration>64</duration>
    <instrument id="P1-I1" />
    <voice>2</voice>
    <type>16th</type>
    <stem>down</stem>
    <staff>1</staff>
    <beam number="1">begin</beam>
    <beam number="2">begin</beam>
   </note>
   <note color="#000000" default-x="40" default-y="-92">
    <pitch>
     <step>D</step>
     <octave>4</octave>
    </pitch>
    <duration>64</duration>
    <instrument id="P1-I1" />
    <voice>2</voice>
    <type>16th</type>
    <stem>down</stem>
    <staff>1</staff>
    <beam number="1">continue</beam>
    <beam number="2">continue</beam>
   </note>
   <note color="#000000" default-x="65" default-y="-92">
    <pitch>
     <step>G</step>
     <octave>3</octave>
    </pitch>
    <duration>64</duration>
    <instrument id="P1-I1" />
    <voice>2</voice>
    <type>16th</type>
    <stem>down</stem>
    <staff>1</staff>
    <beam number="1">continue</beam>
    <beam number="2">continue</beam>
   </note>
   <note color="#000000" default-x="91" default-y="-92">
    <pitch>
     <step>D</step>
     <octave>4</octave>
    </pitch>
    <duration>64</duration>
    <instrument id="P1-I1" />
    <voice>2</voice>
    <type>16th</type>
    <stem>down</stem>
    <staff>1</staff>
    <beam number="1">end</beam>
    <beam number="2">end</beam>
   </note>
   <note color="#000000" default-x="116" default-y="-97">
    <pitch>
     <step>A</step>
     <octave>3</octave>
    </pitch>
    <duration>64</duration>
    <instrument id="P1-I1" />
    <voice>2</voice>
    <type>16th</type>
    <stem>down</stem>
    <staff>1</staff>
    <beam number="1">begin</beam>
    <beam number="2">begin</beam>
   </note>
   <note color="#000000" default-x="142" default-y="-97">
    <pitch>
     <step>D</step>
     <octave>4</octave>
    </pitch>
    <duration>64</duration>
    <instrument id="P1-I1" />
    <voice>2</voice>
    <type>16th</type>
    <stem>down</stem>
    <staff>1</staff>
    <beam number="1">continue</beam>
    <beam number="2">continue</beam>
   </note>
   <note color="#000000" default-x="167" default-y="-97">
    <pitch>
     <step>F</step>
     <alter>1</alter>
     <octave>3</octave>
    </pitch>
    <duration>64</duration>
    <instrument id="P1-I1" />
    <voice>2</voice>
    <type>16th</type>
    <stem>down</stem>
    <staff>1</staff>
    <beam number="1">continue</beam>
    <beam number="2">continue</beam>
   </note>
   <note color="#000000" default-x="193" default-y="-97">
    <pitch>
     <step>D</step>
     <octave>4</octave>
    </pitch>
    <duration>64</duration>
    <instrument id="P1-I1" />
    <voice>2</voice>
    <type>16th</type>
    <stem>down</stem>
    <staff>1</staff>
    <beam number="1">end</beam>
    <beam number="2">end</beam>
   </note>
  </measure>
  <!--============== Part: P1, Measure: 16 ==============-->
  <measure number="16" width="218">
   <note color="#000000" default-x="15" default-y="9">
    <pitch>
     <step>G</step>
     <octave>4</octave>
    </pitch>
    <duration>64</duration>
    <instrument id="P1-I1" />
    <voice>1</voice>
    <type>16th</type>
    <stem>up</stem>
    <staff>1</staff>
    <beam number="1">begin</beam>
    <beam number="2">begin</beam>
   </note>
   <note color="#000000" default-x="40" default-y="9">
    <pitch>
     <step>D</step>
     <octave>4</octave>
    </pitch>
    <duration>64</duration>
    <instrument id="P1-I1" />
    <voice>1</voice>
    <type>16th</type>
    <stem>up</stem>
    <staff>1</staff>
    <beam number="1">continue</beam>
    <beam number="2">continue</beam>
   </note>
   <note color="#000000" default-x="65" default-y="9">
    <pitch>
     <step>G</step>
     <octave>4</octave>
    </pitch>
    <duration>64</duration>
    <instrument id="P1-I1" />
    <voice>1</voice>
    <type>16th</type>
    <stem>up</stem>
    <staff>1</staff>
    <beam number="1">continue</beam>
    <beam number="2">continue</beam>
   </note>
   <note color="#000000" default-x="91" default-y="9">
    <pitch>
     <step>B</step>
     <octave>4</octave>
    </pitch>
    <duration>64</duration>
    <instrument id="P1-I1" />
    <voice>1</voice>
    <type>16th</type>
    <stem>up</stem>
    <staff>1</staff>
    <beam number="1">end</beam>
    <beam number="2">end</beam>
   </note>
   <note color="#000000" default-x="116" default-y="27">
    <pitch>
     <step>C</step>
     <octave>5</octave>
    </pitch>
    <duration>64</duration>
    <instrument id="P1-I1" />
    <voice>1</voice>
    <type>16th</type>
    <stem>up</stem>
    <staff>1</staff>
    <beam number="1">begin</beam>
    <beam number="2">begin</beam>
   </note>
   <note color="#000000" default-x="142" default-y="27">
    <pitch>
     <step>A</step>
     <octave>4</octave>
    </pitch>
    <duration>64</duration>
    <instrument id="P1-I1" />
    <voice>1</voice>
    <type>16th</type>
    <stem>up</stem>
    <staff>1</staff>
    <beam number="1">continue</beam>
    <beam number="2">continue</beam>
   </note>
   <note color="#000000" default-x="167" default-y="27">
    <pitch>
     <step>C</step>
     <octave>5</octave>
    </pitch>
    <duration>64</duration>
    <instrument id="P1-I1" />
    <voice>1</voice>
    <type>16th</type>
    <stem>up</stem>
    <staff>1</staff>
    <beam number="1">continue</beam>
    <beam number="2">continue</beam>
   </note>
   <note color="#000000" default-x="193" default-y="27">
    <pitch>
     <step>F</step>
     <alter>1</alter>
     <octave>5</octave>
    </pitch>
    <duration>64</duration>
    <instrument id="P1-I1" />
    <voice>1</voice>
    <type>16th</type>
    <stem>up</stem>
    <staff>1</staff>
    <beam number="1">end</beam>
    <beam number="2">end</beam>
   </note>
   <backup>
    <duration>512</duration>
   </backup>
   <note color="#000000" default-x="15" default-y="-92">
    <pitch>
     <step>G</step>
     <octave>3</octave>
    </pitch>
    <duration>256</duration>
    <instrument id="P1-I1" />
    <voice>2</voice>
    <type>quarter</type>
    <stem>down</stem>
    <staff>1</staff>
   </note>
   <note color="#000000" default-x="116" default-y="-72">
    <pitch>
     <step>D</step>
     <octave>4</octave>
    </pitch>
    <duration>256</duration>
    <instrument id="P1-I1" />
    <voice>2</voice>
    <type>quarter</type>
    <stem>down</stem>
    <staff>1</staff>
   </note>
  </measure>
  <!--============== Part: P1, Measure: 17 ==============-->
  <measure number="17" width="122">
   <note color="#000000" default-x="15" default-y="32">
    <pitch>
     <step>B</step>
     <octave>4</octave>
    </pitch>
    <duration>256</duration>
    <instrument id="P1-I1" />
    <voice>1</voice>
    <type>quarter</type>
    <stem>up</stem>
    <staff>1</staff>
   </note>
   <note color="#000000" default-x="15">
    <chord />
    <pitch>
     <step>G</step>
     <octave>5</octave>
    </pitch>
    <duration>256</duration>
    <instrument id="P1-I1" />
    <type>quarter</type>
    <staff>1</staff>
   </note>
   <note default-x="60">
    <rest />
    <duration>256</duration>
    <instrument id="P1-I1" />
    <voice>1</voice>
    <type>quarter</type>
    <staff>1</staff>
   </note>
   <barline>
    <bar-style>light-heavy</bar-style>
   </barline>
   <backup>
    <duration>512</duration>
   </backup>
   <note color="#000000" default-x="15" default-y="-92">
    <pitch>
     <step>G</step>
     <octave>3</octave>
    </pitch>
    <duration>256</duration>
    <instrument id="P1-I1" />
    <voice>2</voice>
    <type>quarter</type>
    <stem>down</stem>
    <staff>1</staff>
   </note>
   <note color="#000000" default-x="15">
    <chord />
    <pitch>
     <step>G</step>
     <octave>4</octave>
    </pitch>
    <duration>256</duration>
    <instrument id="P1-I1" />
    <type>quarter</type>
    <staff>1</staff>
   </note>
  </measure>
 </part>
</score-partwise>
