<?xml version="1.0" encoding='UTF-8' standalone='no' ?>
<!DOCTYPE score-partwise PUBLIC "-//Recordare//DTD MusicXML 3.0 Partwise//EN" "http://www.musicxml.org/dtds/partwise.dtd">
<score-partwise version="3.0">
 <work>
  <work-title />
 </work>
 <identification>
  <rights>Copyright © </rights>
  <encoding>
   <encoding-date>2021-04-10</encoding-date>
   <encoder>esiny</encoder>
   <software>Sibelius 19.1.0</software>
   <software>Direct export, not from Dolet</software>
   <encoding-description>Sibelius / MusicXML 3.0</encoding-description>
   <supports element="print" type="yes" value="yes" attribute="new-system" />
   <supports element="print" type="yes" value="yes" attribute="new-page" />
   <supports element="accidental" type="yes" />
   <supports element="beam" type="yes" />
   <supports element="stem" type="yes" />
  </encoding>
 </identification>
 <defaults>
  <scaling>
   <millimeters>210</millimeters>
   <tenths>1200</tenths>
  </scaling>
  <page-layout>
   <page-height>1697</page-height>
   <page-width>1200</page-width>
   <page-margins type="both">
    <left-margin>72</left-margin>
    <right-margin>72</right-margin>
    <top-margin>72</top-margin>
    <bottom-margin>72</bottom-margin>
   </page-margins>
  </page-layout>
  <system-layout>
   <system-margins>
    <left-margin>21</left-margin>
    <right-margin>0</right-margin>
   </system-margins>
   <system-distance>92</system-distance>
  </system-layout>
  <appearance>
   <line-width type="stem">0.9375</line-width>
   <line-width type="beam">5</line-width>
   <line-width type="staff">0.9375</line-width>
   <line-width type="light barline">1.5625</line-width>
   <line-width type="heavy barline">5</line-width>
   <line-width type="leger">1.5625</line-width>
   <line-width type="ending">1.5625</line-width>
   <line-width type="wedge">1.25</line-width>
   <line-width type="enclosure">0.9375</line-width>
   <line-width type="tuplet bracket">1.25</line-width>
   <line-width type="bracket">5</line-width>
   <line-width type="dashes">1.5625</line-width>
   <line-width type="extend">0.9375</line-width>
   <line-width type="octave shift">1.5625</line-width>
   <line-width type="pedal">1.5625</line-width>
   <line-width type="slur middle">1.5625</line-width>
   <line-width type="slur tip">0.625</line-width>
   <line-width type="tie middle">1.5625</line-width>
   <line-width type="tie tip">0.625</line-width>
   <note-size type="cue">75</note-size>
   <note-size type="grace">60</note-size>
  </appearance>
  <music-font font-family="Opus Std" font-size="19.8425" />
  <lyric-font font-family="Times New Roman" font-size="11.4715" />
  <lyric-language xml:lang="en" />
 </defaults>
 <part-list>
  <score-part id="P1">
   <part-name>P1</part-name>
   <score-instrument id="P1-I1">
    <instrument-name>Guitarra (2)</instrument-name>
    <instrument-sound>pluck.bass.guitarron</instrument-sound>
    <solo />
   </score-instrument>
  </score-part>
 </part-list>
 <part id="P1">
  <!--============== Part: P1, Measure: 1 ==============-->
  <measure number="1" width="303">
   <print new-page="yes">
    <system-layout>
     <system-margins>
      <left-margin>22</left-margin>
      <right-margin>0</right-margin>
     </system-margins>
     <top-system-distance>218</top-system-distance>
    </system-layout>
   </print>
   <attributes>
    <divisions>256</divisions>
    <key color="#000000">
     <fifths>0</fifths>
     <mode>major</mode>
    </key>
    <time symbol="common" color="#000000">
     <beats>4</beats>
     <beat-type>4</beat-type>
    </time>
    <staves>1</staves>
    <clef number="1" color="#000000">
     <sign>G</sign>
     <line>2</line>
    </clef>
    <staff-details number="1" print-object="yes" />
   </attributes>
   <direction>
    <direction-type>
     <other-direction default-y="-81" print-object="no">Circled 6</other-direction>
    </direction-type>
    <voice>1</voice>
    <staff>1</staff>
   </direction>
   <direction>
    <direction-type>
     <words default-x="30" default-y="31" justify="left" valign="middle" font-family="Times New Roman" font-style="normal" font-size="11.9365" font-weight="bold">Scale of Available Notes in First Position (C major)</words>
    </direction-type>
    <voice>1</voice>
    <staff>1</staff>
   </direction>
   <direction>
    <direction-type>
     <words default-x="60" default-y="-59" justify="left" valign="middle" font-family="Times New Roman" font-style="normal" font-size="6.9759" font-weight="bold">0</words>
    </direction-type>
    <voice>1</voice>
    <staff>1</staff>
   </direction>
   <direction>
    <direction-type>
     <words default-x="85" default-y="-100" justify="center" valign="middle" font-family="Times New Roman" font-style="italic" font-size="10.0763" font-weight="normal">i</words>
    </direction-type>
    <voice>1</voice>
    <staff>1</staff>
   </direction>
   <note color="#000000" default-x="75" default-y="-20">
    <pitch>
     <step>E</step>
     <octave>3</octave>
    </pitch>
    <duration>256</duration>
    <instrument id="P1-I1" />
    <voice>1</voice>
    <type>quarter</type>
    <stem>up</stem>
    <staff>1</staff>
   </note>
   <direction>
    <direction-type>
     <words default-x="116" default-y="-76" justify="left" valign="middle" font-family="Times New Roman" font-style="normal" font-size="6.9759" font-weight="bold">1</words>
    </direction-type>
    <voice>1</voice>
    <staff>1</staff>
   </direction>
   <direction>
    <direction-type>
     <words default-x="148" default-y="-95" justify="center" valign="middle" font-family="Times New Roman" font-style="italic" font-size="10.0763" font-weight="normal">m</words>
    </direction-type>
    <offset sound="no">70</offset>
    <voice>1</voice>
    <staff>1</staff>
   </direction>
   <note color="#000000" default-x="132" default-y="-20">
    <pitch>
     <step>F</step>
     <octave>3</octave>
    </pitch>
    <duration>256</duration>
    <instrument id="P1-I1" />
    <voice>1</voice>
    <type>quarter</type>
    <stem>up</stem>
    <staff>1</staff>
   </note>
   <direction>
    <direction-type>
     <words default-x="179" default-y="-76" justify="left" valign="middle" font-family="Times New Roman" font-style="normal" font-size="6.9759" font-weight="bold">3</words>
    </direction-type>
    <voice>1</voice>
    <staff>1</staff>
   </direction>
   <direction>
    <direction-type>
     <words default-x="207" default-y="-88" justify="center" valign="middle" font-family="Times New Roman" font-style="italic" font-size="10.0763" font-weight="normal">i</words>
    </direction-type>
    <offset sound="no">80</offset>
    <voice>1</voice>
    <staff>1</staff>
   </direction>
   <note color="#000000" default-x="189" default-y="-20">
    <pitch>
     <step>G</step>
     <octave>3</octave>
    </pitch>
    <duration>256</duration>
    <instrument id="P1-I1" />
    <voice>1</voice>
    <type>quarter</type>
    <stem>up</stem>
    <staff>1</staff>
   </note>
   <direction>
    <direction-type>
     <other-direction default-x="-23" default-y="-68" print-object="no">Circled 5</other-direction>
    </direction-type>
    <offset sound="no">-104</offset>
    <voice>1</voice>
    <staff>1</staff>
   </direction>
   <direction>
    <direction-type>
     <words default-x="235" default-y="-45" justify="left" valign="middle" font-family="Times New Roman" font-style="normal" font-size="6.9759" font-weight="bold">0</words>
    </direction-type>
    <voice>1</voice>
    <staff>1</staff>
   </direction>
   <direction>
    <direction-type>
     <words default-x="266" default-y="-83" justify="center" valign="middle" font-family="Times New Roman" font-style="italic" font-size="10.0763" font-weight="normal">m</words>
    </direction-type>
    <offset sound="no">90</offset>
    <voice>1</voice>
    <staff>1</staff>
   </direction>
   <direction>
    <direction-type>
     <words default-x="303" default-y="-65" justify="left" valign="middle" font-family="Times New Roman" font-style="normal" font-size="6.9759" font-weight="bold">2</words>
    </direction-type>
    <offset sound="no">255</offset>
    <voice>1</voice>
    <staff>1</staff>
   </direction>
   <note color="#000000" default-x="246" default-y="-20">
    <pitch>
     <step>A</step>
     <octave>3</octave>
    </pitch>
    <duration>256</duration>
    <instrument id="P1-I1" />
    <voice>1</voice>
    <type>quarter</type>
    <stem>up</stem>
    <staff>1</staff>
   </note>
  </measure>
  <!--============== Part: P1, Measure: 2 ==============-->
  <measure number="2" width="243">
   <direction>
    <direction-type>
     <words default-x="30" default-y="-80" justify="center" valign="middle" font-family="Times New Roman" font-style="italic" font-size="10.0763" font-weight="normal">i</words>
    </direction-type>
    <offset sound="no">70</offset>
    <voice>1</voice>
    <staff>1</staff>
   </direction>
   <note color="#000000" default-x="15" default-y="-20">
    <pitch>
     <step>B</step>
     <octave>3</octave>
    </pitch>
    <duration>256</duration>
    <instrument id="P1-I1" />
    <voice>1</voice>
    <type>quarter</type>
    <stem>up</stem>
    <staff>1</staff>
   </note>
   <direction>
    <direction-type>
     <words default-x="62" default-y="-65" justify="left" valign="middle" font-family="Times New Roman" font-style="normal" font-size="6.9759" font-weight="bold">3</words>
    </direction-type>
    <voice>1</voice>
    <staff>1</staff>
   </direction>
   <direction>
    <direction-type>
     <words default-x="90" default-y="-72" justify="center" valign="middle" font-family="Times New Roman" font-style="italic" font-size="10.0763" font-weight="normal">m</words>
    </direction-type>
    <offset sound="no">83</offset>
    <voice>1</voice>
    <staff>1</staff>
   </direction>
   <note color="#000000" default-x="72" default-y="-15">
    <pitch>
     <step>C</step>
     <octave>4</octave>
    </pitch>
    <duration>256</duration>
    <instrument id="P1-I1" />
    <voice>1</voice>
    <type>quarter</type>
    <stem>up</stem>
    <staff>1</staff>
   </note>
   <direction>
    <direction-type>
     <other-direction default-y="-58" print-object="no">Circled 4</other-direction>
    </direction-type>
    <voice>1</voice>
    <staff>1</staff>
   </direction>
   <direction>
    <direction-type>
     <words default-x="123" default-y="-35" justify="left" valign="middle" font-family="Times New Roman" font-style="normal" font-size="6.9759" font-weight="bold">0</words>
    </direction-type>
    <voice>1</voice>
    <staff>1</staff>
   </direction>
   <direction>
    <direction-type>
     <words default-x="147" default-y="-69" justify="center" valign="middle" font-family="Times New Roman" font-style="italic" font-size="10.0763" font-weight="normal">i</words>
    </direction-type>
    <offset sound="no">83</offset>
    <voice>1</voice>
    <staff>1</staff>
   </direction>
   <note color="#000000" default-x="129" default-y="-10">
    <pitch>
     <step>D</step>
     <octave>4</octave>
    </pitch>
    <duration>256</duration>
    <instrument id="P1-I1" />
    <voice>1</voice>
    <type>quarter</type>
    <stem>up</stem>
    <staff>1</staff>
   </note>
   <direction>
    <direction-type>
     <words default-x="173" default-y="-54" justify="left" valign="middle" font-family="Times New Roman" font-style="normal" font-size="6.9759" font-weight="bold">2</words>
    </direction-type>
    <voice>1</voice>
    <staff>1</staff>
   </direction>
   <direction>
    <direction-type>
     <words default-x="208" default-y="-58" justify="center" valign="middle" font-family="Times New Roman" font-style="italic" font-size="10.0763" font-weight="normal">m</words>
    </direction-type>
    <offset sound="no">101</offset>
    <voice>1</voice>
    <staff>1</staff>
   </direction>
   <note color="#000000" default-x="186" default-y="-5">
    <pitch>
     <step>E</step>
     <octave>4</octave>
    </pitch>
    <duration>256</duration>
    <instrument id="P1-I1" />
    <voice>1</voice>
    <type>quarter</type>
    <stem>up</stem>
    <staff>1</staff>
   </note>
  </measure>
  <!--============== Part: P1, Measure: 3 ==============-->
  <measure number="3" width="243">
   <direction>
    <direction-type>
     <words default-x="5" default-y="-31" justify="left" valign="middle" font-family="Times New Roman" font-style="normal" font-size="6.9759" font-weight="bold">3</words>
    </direction-type>
    <voice>1</voice>
    <staff>1</staff>
   </direction>
   <direction>
    <direction-type>
     <words default-x="29" default-y="-61" justify="center" valign="middle" font-family="Times New Roman" font-style="italic" font-size="10.0763" font-weight="normal">i</words>
    </direction-type>
    <offset sound="no">63</offset>
    <voice>1</voice>
    <staff>1</staff>
   </direction>
   <note color="#000000" default-x="15">
    <pitch>
     <step>F</step>
     <octave>4</octave>
    </pitch>
    <duration>256</duration>
    <instrument id="P1-I1" />
    <voice>1</voice>
    <type>quarter</type>
    <stem>up</stem>
    <staff>1</staff>
   </note>
   <direction>
    <direction-type>
     <other-direction default-y="-70" print-object="no">Circled 3</other-direction>
    </direction-type>
    <voice>1</voice>
    <staff>1</staff>
   </direction>
   <direction>
    <direction-type>
     <words default-x="57" default-y="-47" justify="left" valign="middle" font-family="Times New Roman" font-style="normal" font-size="6.9759" font-weight="bold">0</words>
    </direction-type>
    <voice>1</voice>
    <staff>1</staff>
   </direction>
   <direction>
    <direction-type>
     <words default-x="95" default-y="-58" justify="center" valign="middle" font-family="Times New Roman" font-style="italic" font-size="10.0763" font-weight="normal">m</words>
    </direction-type>
    <offset sound="no">108</offset>
    <voice>1</voice>
    <staff>1</staff>
   </direction>
   <note color="#000000" default-x="72" default-y="5">
    <pitch>
     <step>G</step>
     <octave>4</octave>
    </pitch>
    <duration>256</duration>
    <instrument id="P1-I1" />
    <voice>1</voice>
    <type>quarter</type>
    <stem>up</stem>
    <staff>1</staff>
   </note>
   <direction>
    <direction-type>
     <words default-x="119" default-y="-20" justify="left" valign="middle" font-family="Times New Roman" font-style="normal" font-size="6.9759" font-weight="bold">2</words>
    </direction-type>
    <voice>1</voice>
    <staff>1</staff>
   </direction>
   <direction>
    <direction-type>
     <words default-x="147" default-y="-45" justify="center" valign="middle" font-family="Times New Roman" font-style="italic" font-size="10.0763" font-weight="normal">i</words>
    </direction-type>
    <offset sound="no">83</offset>
    <voice>1</voice>
    <staff>1</staff>
   </direction>
   <note color="#000000" default-x="129" default-y="10">
    <pitch>
     <step>A</step>
     <octave>4</octave>
    </pitch>
    <duration>256</duration>
    <instrument id="P1-I1" />
    <voice>1</voice>
    <type>quarter</type>
    <stem>up</stem>
    <staff>1</staff>
   </note>
   <direction>
    <direction-type>
     <other-direction default-y="1" print-object="no">Circled 2</other-direction>
    </direction-type>
    <voice>1</voice>
    <staff>1</staff>
   </direction>
   <direction>
    <direction-type>
     <words default-x="204" default-y="-8" justify="left" valign="middle" font-family="Times New Roman" font-style="normal" font-size="6.9759" font-weight="bold">0</words>
    </direction-type>
    <offset sound="no">81</offset>
    <voice>1</voice>
    <staff>1</staff>
   </direction>
   <direction>
    <direction-type>
     <words default-x="207" default-y="-40" justify="center" valign="middle" font-family="Times New Roman" font-style="italic" font-size="10.0763" font-weight="normal">m</words>
    </direction-type>
    <offset sound="no">98</offset>
    <voice>1</voice>
    <staff>1</staff>
   </direction>
   <note color="#000000" default-x="186" default-y="-55">
    <pitch>
     <step>B</step>
     <octave>4</octave>
    </pitch>
    <duration>256</duration>
    <instrument id="P1-I1" />
    <voice>1</voice>
    <type>quarter</type>
    <stem>down</stem>
    <staff>1</staff>
   </note>
  </measure>
  <!--============== Part: P1, Measure: 4 ==============-->
  <measure number="4" width="243">
   <direction>
    <direction-type>
     <words default-x="5" default-y="-12" justify="left" valign="middle" font-family="Times New Roman" font-style="normal" font-size="6.9759" font-weight="bold">1</words>
    </direction-type>
    <voice>1</voice>
    <staff>1</staff>
   </direction>
   <direction>
    <direction-type>
     <words default-x="30" default-y="-37" justify="center" valign="middle" font-family="Times New Roman" font-style="italic" font-size="10.0763" font-weight="normal">i</words>
    </direction-type>
    <offset sound="no">69</offset>
    <voice>1</voice>
    <staff>1</staff>
   </direction>
   <note color="#000000" default-x="15" default-y="-50">
    <pitch>
     <step>C</step>
     <octave>5</octave>
    </pitch>
    <duration>256</duration>
    <instrument id="P1-I1" />
    <voice>1</voice>
    <type>quarter</type>
    <stem>down</stem>
    <staff>1</staff>
   </note>
   <direction>
    <direction-type>
     <words default-x="62" default-y="-10" justify="left" valign="middle" font-family="Times New Roman" font-style="normal" font-size="6.9759" font-weight="bold">3</words>
    </direction-type>
    <voice>1</voice>
    <staff>1</staff>
   </direction>
   <direction>
    <direction-type>
     <words default-x="91" default-y="-30" justify="center" valign="middle" font-family="Times New Roman" font-style="italic" font-size="10.0763" font-weight="normal">m</words>
    </direction-type>
    <offset sound="no">87</offset>
    <voice>1</voice>
    <staff>1</staff>
   </direction>
   <note color="#000000" default-x="72" default-y="-45">
    <pitch>
     <step>D</step>
     <octave>5</octave>
    </pitch>
    <duration>256</duration>
    <instrument id="P1-I1" />
    <voice>1</voice>
    <type>quarter</type>
    <stem>down</stem>
    <staff>1</staff>
   </note>
   <direction>
    <direction-type>
     <other-direction default-y="10" print-object="no">Circled 1</other-direction>
    </direction-type>
    <voice>1</voice>
    <staff>1</staff>
   </direction>
   <direction>
    <direction-type>
     <words default-x="119" default-y="2" justify="left" valign="middle" font-family="Times New Roman" font-style="normal" font-size="6.9759" font-weight="bold">0</words>
    </direction-type>
    <voice>1</voice>
    <staff>1</staff>
   </direction>
   <direction>
    <direction-type>
     <words default-x="145" default-y="-26" justify="center" valign="middle" font-family="Times New Roman" font-style="italic" font-size="10.0763" font-weight="normal">i</words>
    </direction-type>
    <offset sound="no">73</offset>
    <voice>1</voice>
    <staff>1</staff>
   </direction>
   <note color="#000000" default-x="129" default-y="-40">
    <pitch>
     <step>E</step>
     <octave>5</octave>
    </pitch>
    <duration>256</duration>
    <instrument id="P1-I1" />
    <voice>1</voice>
    <type>quarter</type>
    <stem>down</stem>
    <staff>1</staff>
   </note>
   <direction>
    <direction-type>
     <words default-x="177" default-y="2" justify="left" valign="middle" font-family="Times New Roman" font-style="normal" font-size="6.9759" font-weight="bold">1</words>
    </direction-type>
    <voice>1</voice>
    <staff>1</staff>
   </direction>
   <direction>
    <direction-type>
     <words default-x="211" default-y="-19" justify="center" valign="middle" font-family="Times New Roman" font-style="italic" font-size="10.0763" font-weight="normal">m</words>
    </direction-type>
    <offset sound="no">115</offset>
    <voice>1</voice>
    <staff>1</staff>
   </direction>
   <note color="#000000" default-x="186" default-y="-35">
    <pitch>
     <step>F</step>
     <octave>5</octave>
    </pitch>
    <duration>256</duration>
    <instrument id="P1-I1" />
    <voice>1</voice>
    <type>quarter</type>
    <stem>down</stem>
    <staff>1</staff>
   </note>
  </measure>
  <!--============== Part: P1, Measure: 5 ==============-->
  <measure number="5" width="241">
   <print new-system="yes">
    <system-layout>
     <system-margins>
      <left-margin>22</left-margin>
      <right-margin>0</right-margin>
     </system-margins>
     <system-distance>92</system-distance>
    </system-layout>
   </print>
   <attributes>
    <staff-details number="1" print-object="yes" />
   </attributes>
   <direction>
    <direction-type>
     <words default-x="47" default-y="5" justify="left" valign="middle" font-family="Times New Roman" font-style="normal" font-size="6.9759" font-weight="bold">3</words>
    </direction-type>
    <voice>1</voice>
    <staff>1</staff>
   </direction>
   <direction>
    <direction-type>
     <words default-x="67" default-y="-38" justify="center" valign="middle" font-family="Times New Roman" font-style="italic" font-size="10.0763" font-weight="normal">i</words>
    </direction-type>
    <voice>1</voice>
    <staff>1</staff>
   </direction>
   <note color="#000000" default-x="57" default-y="-30">
    <pitch>
     <step>G</step>
     <octave>5</octave>
    </pitch>
    <duration>256</duration>
    <instrument id="P1-I1" />
    <voice>1</voice>
    <type>quarter</type>
    <stem>down</stem>
    <staff>1</staff>
   </note>
   <direction>
    <direction-type>
     <words default-x="94" default-y="3" justify="left" valign="middle" font-family="Times New Roman" font-style="normal" font-size="6.9759" font-weight="bold">1</words>
    </direction-type>
    <voice>1</voice>
    <staff>1</staff>
   </direction>
   <direction>
    <direction-type>
     <words default-x="118" default-y="-39" justify="center" valign="middle" font-family="Times New Roman" font-style="italic" font-size="10.0763" font-weight="normal">m</words>
    </direction-type>
    <offset sound="no">84</offset>
    <voice>1</voice>
    <staff>1</staff>
   </direction>
   <note color="#000000" default-x="103" default-y="-35">
    <pitch>
     <step>F</step>
     <octave>5</octave>
    </pitch>
    <duration>256</duration>
    <instrument id="P1-I1" />
    <voice>1</voice>
    <type>quarter</type>
    <stem>down</stem>
    <staff>1</staff>
   </note>
   <direction>
    <direction-type>
     <words default-x="142" default-y="2" justify="left" valign="middle" font-family="Times New Roman" font-style="normal" font-size="6.9759" font-weight="bold">0</words>
    </direction-type>
    <voice>1</voice>
    <staff>1</staff>
   </direction>
   <direction>
    <direction-type>
     <words default-x="162" default-y="-46" justify="center" valign="middle" font-family="Times New Roman" font-style="italic" font-size="10.0763" font-weight="normal">i</words>
    </direction-type>
    <offset sound="no">72</offset>
    <voice>1</voice>
    <staff>1</staff>
   </direction>
   <note color="#000000" default-x="149" default-y="-40">
    <pitch>
     <step>E</step>
     <octave>5</octave>
    </pitch>
    <duration>256</duration>
    <instrument id="P1-I1" />
    <voice>1</voice>
    <type>quarter</type>
    <stem>down</stem>
    <staff>1</staff>
   </note>
   <direction>
    <direction-type>
     <other-direction default-y="1" print-object="no">Circled 2</other-direction>
    </direction-type>
    <voice>1</voice>
    <staff>1</staff>
   </direction>
   <direction>
    <direction-type>
     <words default-x="181" default-y="-20" justify="left" valign="middle" font-family="Times New Roman" font-style="normal" font-size="6.9759" font-weight="bold">3</words>
    </direction-type>
    <voice>1</voice>
    <staff>1</staff>
   </direction>
   <direction>
    <direction-type>
     <words default-x="211" default-y="-51" justify="center" valign="middle" font-family="Times New Roman" font-style="italic" font-size="10.0763" font-weight="normal">m</words>
    </direction-type>
    <offset sound="no">92</offset>
    <voice>1</voice>
    <staff>1</staff>
   </direction>
   <note color="#000000" default-x="195" default-y="-45">
    <pitch>
     <step>D</step>
     <octave>5</octave>
    </pitch>
    <duration>256</duration>
    <instrument id="P1-I1" />
    <voice>1</voice>
    <type>quarter</type>
    <stem>down</stem>
    <staff>1</staff>
   </note>
  </measure>
  <!--============== Part: P1, Measure: 6 ==============-->
  <measure number="6" width="199">
   <direction>
    <direction-type>
     <words default-x="5" default-y="-12" justify="left" valign="middle" font-family="Times New Roman" font-style="normal" font-size="6.9759" font-weight="bold">1</words>
    </direction-type>
    <voice>1</voice>
    <staff>1</staff>
   </direction>
   <direction>
    <direction-type>
     <words default-x="27" default-y="-50" justify="center" valign="middle" font-family="Times New Roman" font-style="italic" font-size="10.0763" font-weight="normal">i</words>
    </direction-type>
    <offset sound="no">71</offset>
    <voice>1</voice>
    <staff>1</staff>
   </direction>
   <note color="#000000" default-x="15" default-y="-50">
    <pitch>
     <step>C</step>
     <octave>5</octave>
    </pitch>
    <duration>256</duration>
    <instrument id="P1-I1" />
    <voice>1</voice>
    <type>quarter</type>
    <stem>down</stem>
    <staff>1</staff>
   </note>
   <direction>
    <direction-type>
     <words default-x="49" default-y="-20" justify="left" valign="middle" font-family="Times New Roman" font-style="normal" font-size="6.9759" font-weight="bold">0</words>
    </direction-type>
    <voice>1</voice>
    <staff>1</staff>
   </direction>
   <direction>
    <direction-type>
     <words default-x="75" default-y="-55" justify="center" valign="middle" font-family="Times New Roman" font-style="italic" font-size="10.0763" font-weight="normal">m</words>
    </direction-type>
    <offset sound="no">80</offset>
    <voice>1</voice>
    <staff>1</staff>
   </direction>
   <note color="#000000" default-x="61" default-y="-55">
    <pitch>
     <step>B</step>
     <octave>4</octave>
    </pitch>
    <duration>256</duration>
    <instrument id="P1-I1" />
    <voice>1</voice>
    <type>quarter</type>
    <stem>down</stem>
    <staff>1</staff>
   </note>
   <direction>
    <direction-type>
     <other-direction default-y="-50" print-object="no">Circled 3</other-direction>
    </direction-type>
    <voice>1</voice>
    <staff>1</staff>
   </direction>
   <direction>
    <direction-type>
     <words default-x="97" default-y="-20" justify="left" valign="middle" font-family="Times New Roman" font-style="normal" font-size="6.9759" font-weight="bold">2</words>
    </direction-type>
    <voice>1</voice>
    <staff>1</staff>
   </direction>
   <direction>
    <direction-type>
     <words default-x="120" default-y="-54" justify="center" valign="middle" font-family="Times New Roman" font-style="italic" font-size="10.0763" font-weight="normal">i</words>
    </direction-type>
    <offset sound="no">72</offset>
    <voice>1</voice>
    <staff>1</staff>
   </direction>
   <note color="#000000" default-x="107" default-y="10">
    <pitch>
     <step>A</step>
     <octave>4</octave>
    </pitch>
    <duration>256</duration>
    <instrument id="P1-I1" />
    <voice>1</voice>
    <type>quarter</type>
    <stem>up</stem>
    <staff>1</staff>
   </note>
   <direction>
    <direction-type>
     <words default-x="141" default-y="-30" justify="left" valign="middle" font-family="Times New Roman" font-style="normal" font-size="6.9759" font-weight="bold">0</words>
    </direction-type>
    <voice>1</voice>
    <staff>1</staff>
   </direction>
   <direction>
    <direction-type>
     <words default-x="170" default-y="-54" justify="center" valign="middle" font-family="Times New Roman" font-style="italic" font-size="10.0763" font-weight="normal">m</words>
    </direction-type>
    <offset sound="no">97</offset>
    <voice>1</voice>
    <staff>1</staff>
   </direction>
   <note color="#000000" default-x="153" default-y="5">
    <pitch>
     <step>G</step>
     <octave>4</octave>
    </pitch>
    <duration>256</duration>
    <instrument id="P1-I1" />
    <voice>1</voice>
    <type>quarter</type>
    <stem>up</stem>
    <staff>1</staff>
   </note>
  </measure>
  <!--============== Part: P1, Measure: 7 ==============-->
  <measure number="7" width="199">
   <direction>
    <direction-type>
     <other-direction default-y="-60" print-object="no">Circled 4</other-direction>
    </direction-type>
    <voice>1</voice>
    <staff>1</staff>
   </direction>
   <direction>
    <direction-type>
     <words default-x="5" default-y="-30" justify="left" valign="middle" font-family="Times New Roman" font-style="normal" font-size="6.9759" font-weight="bold">3</words>
    </direction-type>
    <voice>1</voice>
    <staff>1</staff>
   </direction>
   <direction>
    <direction-type>
     <words default-x="25" default-y="-59" justify="center" valign="middle" font-family="Times New Roman" font-style="italic" font-size="10.0763" font-weight="normal">i</words>
    </direction-type>
    <voice>1</voice>
    <staff>1</staff>
   </direction>
   <note color="#000000" default-x="15">
    <pitch>
     <step>F</step>
     <octave>4</octave>
    </pitch>
    <duration>256</duration>
    <instrument id="P1-I1" />
    <voice>1</voice>
    <type>quarter</type>
    <stem>up</stem>
    <staff>1</staff>
   </note>
   <direction>
    <direction-type>
     <words default-x="50" default-y="-53" justify="left" valign="middle" font-family="Times New Roman" font-style="normal" font-size="6.9759" font-weight="bold">2</words>
    </direction-type>
    <voice>1</voice>
    <staff>1</staff>
   </direction>
   <direction>
    <direction-type>
     <words default-x="72" default-y="-65" justify="center" valign="middle" font-family="Times New Roman" font-style="italic" font-size="10.0763" font-weight="normal">m</words>
    </direction-type>
    <voice>1</voice>
    <staff>1</staff>
   </direction>
   <note color="#000000" default-x="60" default-y="-5">
    <pitch>
     <step>E</step>
     <octave>4</octave>
    </pitch>
    <duration>256</duration>
    <instrument id="P1-I1" />
    <voice>1</voice>
    <type>quarter</type>
    <stem>up</stem>
    <staff>1</staff>
   </note>
   <direction>
    <direction-type>
     <words default-x="94" default-y="-54" justify="left" valign="middle" font-family="Times New Roman" font-style="normal" font-size="6.9759" font-weight="bold">0</words>
    </direction-type>
    <voice>1</voice>
    <staff>1</staff>
   </direction>
   <direction>
    <direction-type>
     <words default-x="116" default-y="-70" justify="center" valign="middle" font-family="Times New Roman" font-style="italic" font-size="10.0763" font-weight="normal">i</words>
    </direction-type>
    <voice>1</voice>
    <staff>1</staff>
   </direction>
   <note color="#000000" default-x="106" default-y="-10">
    <pitch>
     <step>D</step>
     <octave>4</octave>
    </pitch>
    <duration>256</duration>
    <instrument id="P1-I1" />
    <voice>1</voice>
    <type>quarter</type>
    <stem>up</stem>
    <staff>1</staff>
   </note>
   <direction>
    <direction-type>
     <other-direction default-y="-70" print-object="no">Circled 5</other-direction>
    </direction-type>
    <voice>1</voice>
    <staff>1</staff>
   </direction>
   <direction>
    <direction-type>
     <words default-x="157" default-y="-86" justify="center" valign="middle" font-family="Times New Roman" font-style="italic" font-size="10.0763" font-weight="normal">m</words>
    </direction-type>
    <voice>1</voice>
    <staff>1</staff>
   </direction>
   <direction>
    <direction-type>
     <words default-x="165" default-y="-70" justify="left" valign="middle" font-family="Times New Roman" font-style="normal" font-size="6.9759" font-weight="bold">3</words>
    </direction-type>
    <voice>1</voice>
    <staff>1</staff>
   </direction>
   <note color="#000000" default-x="153" default-y="-15">
    <pitch>
     <step>C</step>
     <octave>4</octave>
    </pitch>
    <duration>256</duration>
    <instrument id="P1-I1" />
    <voice>1</voice>
    <type>quarter</type>
    <stem>up</stem>
    <staff>1</staff>
   </note>
  </measure>
  <!--============== Part: P1, Measure: 8 ==============-->
  <measure number="8" width="199">
   <direction>
    <direction-type>
     <words default-x="5" default-y="-65" justify="left" valign="middle" font-family="Times New Roman" font-style="normal" font-size="6.9759" font-weight="bold">2</words>
    </direction-type>
    <voice>1</voice>
    <staff>1</staff>
   </direction>
   <direction>
    <direction-type>
     <words default-x="25" default-y="-80" justify="center" valign="middle" font-family="Times New Roman" font-style="italic" font-size="10.0763" font-weight="normal">i</words>
    </direction-type>
    <voice>1</voice>
    <staff>1</staff>
   </direction>
   <note color="#000000" default-x="15" default-y="-20">
    <pitch>
     <step>B</step>
     <octave>3</octave>
    </pitch>
    <duration>256</duration>
    <instrument id="P1-I1" />
    <voice>1</voice>
    <type>quarter</type>
    <stem>up</stem>
    <staff>1</staff>
   </note>
   <direction>
    <direction-type>
     <words default-x="46" default-y="-72" justify="left" valign="middle" font-family="Times New Roman" font-style="normal" font-size="6.9759" font-weight="bold">0</words>
    </direction-type>
    <voice>1</voice>
    <staff>1</staff>
   </direction>
   <direction>
    <direction-type>
     <words default-x="70" default-y="-84" justify="center" valign="middle" font-family="Times New Roman" font-style="italic" font-size="10.0763" font-weight="normal">m</words>
    </direction-type>
    <voice>1</voice>
    <staff>1</staff>
   </direction>
   <note color="#000000" default-x="60" default-y="-20">
    <pitch>
     <step>A</step>
     <octave>3</octave>
    </pitch>
    <duration>256</duration>
    <instrument id="P1-I1" />
    <voice>1</voice>
    <type>quarter</type>
    <stem>up</stem>
    <staff>1</staff>
   </note>
   <direction>
    <direction-type>
     <other-direction default-y="-80" print-object="no">Circled 6</other-direction>
    </direction-type>
    <voice>1</voice>
    <staff>1</staff>
   </direction>
   <direction>
    <direction-type>
     <words default-x="108" default-y="-82" justify="left" valign="middle" font-family="Times New Roman" font-style="normal" font-size="6.9759" font-weight="bold">3</words>
    </direction-type>
    <voice>1</voice>
    <staff>1</staff>
   </direction>
   <direction>
    <direction-type>
     <words default-x="121" default-y="-95" justify="center" valign="middle" font-family="Times New Roman" font-style="italic" font-size="10.0763" font-weight="normal">i</words>
    </direction-type>
    <voice>1</voice>
    <staff>1</staff>
   </direction>
   <note color="#000000" default-x="107" default-y="-20">
    <pitch>
     <step>G</step>
     <octave>3</octave>
    </pitch>
    <duration>256</duration>
    <instrument id="P1-I1" />
    <voice>1</voice>
    <type>quarter</type>
    <stem>up</stem>
    <staff>1</staff>
   </note>
   <direction>
    <direction-type>
     <words default-x="138" default-y="-80" justify="left" valign="middle" font-family="Times New Roman" font-style="normal" font-size="6.9759" font-weight="bold">1</words>
    </direction-type>
    <voice>1</voice>
    <staff>1</staff>
   </direction>
   <direction>
    <direction-type>
     <words default-x="168" default-y="-92" justify="center" valign="middle" font-family="Times New Roman" font-style="italic" font-size="10.0763" font-weight="normal">m</words>
    </direction-type>
    <offset sound="no">84</offset>
    <voice>1</voice>
    <staff>1</staff>
   </direction>
   <note color="#000000" default-x="153" default-y="-20">
    <pitch>
     <step>F</step>
     <octave>3</octave>
    </pitch>
    <duration>256</duration>
    <instrument id="P1-I1" />
    <voice>1</voice>
    <type>quarter</type>
    <stem>up</stem>
    <staff>1</staff>
   </note>
  </measure>
  <!--============== Part: P1, Measure: 9 ==============-->
  <measure number="9" width="194">
   <direction>
    <direction-type>
     <words default-y="-80" justify="left" valign="middle" font-family="Times New Roman" font-style="normal" font-size="6.9759" font-weight="bold">0</words>
    </direction-type>
    <voice>1</voice>
    <staff>1</staff>
   </direction>
   <direction>
    <direction-type>
     <words default-x="25" default-y="-100" justify="center" valign="middle" font-family="Times New Roman" font-style="italic" font-size="10.0763" font-weight="normal">i</words>
    </direction-type>
    <voice>1</voice>
    <staff>1</staff>
   </direction>
   <note color="#000000" default-x="15" default-y="-20">
    <pitch>
     <step>E</step>
     <octave>3</octave>
    </pitch>
    <duration>512</duration>
    <instrument id="P1-I1" />
    <voice>1</voice>
    <type>half</type>
    <stem>up</stem>
    <staff>1</staff>
   </note>
   <note default-x="93">
    <rest />
    <duration>512</duration>
    <instrument id="P1-I1" />
    <voice>1</voice>
    <type>half</type>
    <staff>1</staff>
   </note>
   <barline location="right">
    <bar-style>light-heavy</bar-style>
    <repeat direction="backward" />
   </barline>
  </measure>
 </part>
</score-partwise>
